ID,Address,Name,Age
1,"Carrer Major 12, 08001, Barcelona","Jordi Serra",34
2,"Avinguda Diagonal 45, 08019, Barcelona","Marta Soler",28
3,"Carrer de Sants 78, 17001, Girona","Pau Riera",41
4,"Rambla Catalunya 101, 43001, Tarragona","Laura Puig",36
5,"Carrer Balmes 33, 08691, Monistrol de Montserrat","Marc Vidal",30
6,"Carrer Aragó 210, 25001, Lleida","Anna Costa",45
7,"Passeig de Gràcia 56, 08007, Barcelona","David Ferrer",39
8,"Carrer Marina 145, 08800, Vilanova i la Geltrú","Núria Casas",27
9,"Carrer València 300, 08009, Barcelona","Oriol Pons",33
10,"Avinguda Meridiana 89, 08820, El Prat de Llobregat","Carla Rovira",29
11,"Carrer Muntaner 250, 43003, Tarragona","Xavier Gil",50
12,"Carrer Provença 410, 17002, Girona","Irene Bosch",38
13,"Carrer Diputació 150, 08011, Barcelona","Albert Martí",44
14,"Carrer Rosselló 98, 25002, Lleida","Sílvia Navarro",31
15,"Carrer Urgell 60, 08011, Barcelona","Toni Prat",47
16,"Carrer Lepant 200, 08810, Castelldefels","Clara Font",26
17,"Carrer Padilla 320, 08025, Barcelona","Gerard Sala",35
18,"Carrer Indústria 50, 43005, Tarragona","Eva Mas",40
19,"Carrer Cartagena 180, 17003, Girona","Daniel Roca",37
20,"Carrer Clot 75, 08830, Sant Boi de Llobregat","Paula Iglesias",32