@iot.selfLink;@iot.id;phenomenonTime;resultTime;result;Datastream@iot.navigationLink;FeatureOfInterest@iot.navigationLink;Objects@iot.navigationLink;ObservationGroups@iot.navigationLink;Subjects@iot.navigationLink
https://citiobs.demo.secure-dimensions.de/staplus/v1.1/Observations(126026);126026;2023-07-26T16:15:15Z;2023-07-26T16:15:15Z;25.92;https://citiobs.demo.secure-dimensions.de/staplus/v1.1/Observations(126026)/Datastream;https://citiobs.demo.secure-dimensions.de/staplus/v1.1/Observations(126026)/FeatureOfInterest;https://citiobs.demo.secure-dimensions.de/staplus/v1.1/Observations(126026)/Objects;https://citiobs.demo.secure-dimensions.de/staplus/v1.1/Observations(126026)/ObservationGroups;https://citiobs.demo.secure-dimensions.de/staplus/v1.1/Observations(126026)/Subjects
https://citiobs.demo.secure-dimensions.de/staplus/v1.1/Observations(126042);126042;2023-07-26T16:15:25Z;2023-07-26T16:15:25Z;25.92;https://citiobs.demo.secure-dimensions.de/staplus/v1.1/Observations(126042)/Datastream;https://citiobs.demo.secure-dimensions.de/staplus/v1.1/Observations(126042)/FeatureOfInterest;https://citiobs.demo.secure-dimensions.de/staplus/v1.1/Observations(126042)/Objects;https://citiobs.demo.secure-dimensions.de/staplus/v1.1/Observations(126042)/ObservationGroups;https://citiobs.demo.secure-dimensions.de/staplus/v1.1/Observations(126042)/Subjects
https://citiobs.demo.secure-dimensions.de/staplus/v1.1/Observations(126058);126058;2023-07-26T16:15:35Z;2023-07-26T16:15:35Z;25.95;https://citiobs.demo.secure-dimensions.de/staplus/v1.1/Observations(126058)/Datastream;https://citiobs.demo.secure-dimensions.de/staplus/v1.1/Observations(126058)/FeatureOfInterest;https://citiobs.demo.secure-dimensions.de/staplus/v1.1/Observations(126058)/Objects;https://citiobs.demo.secure-dimensions.de/staplus/v1.1/Observations(126058)/ObservationGroups;https://citiobs.demo.secure-dimensions.de/staplus/v1.1/Observations(126058)/Subjects
https://citiobs.demo.secure-dimensions.de/staplus/v1.1/Observations(126074);126074;2023-07-26T16:15:45Z;2023-07-26T16:15:45Z;25.99;https://citiobs.demo.secure-dimensions.de/staplus/v1.1/Observations(126074)/Datastream;https://citiobs.demo.secure-dimensions.de/staplus/v1.1/Observations(126074)/FeatureOfInterest;https://citiobs.demo.secure-dimensions.de/staplus/v1.1/Observations(126074)/Objects;https://citiobs.demo.secure-dimensions.de/staplus/v1.1/Observations(126074)/ObservationGroups;https://citiobs.demo.secure-dimensions.de/staplus/v1.1/Observations(126074)/Subjects
https://citiobs.demo.secure-dimensions.de/staplus/v1.1/Observations(126090);126090;2023-07-26T16:15:56Z;2023-07-26T16:15:56Z;26.06;https://citiobs.demo.secure-dimensions.de/staplus/v1.1/Observations(126090)/Datastream;https://citiobs.demo.secure-dimensions.de/staplus/v1.1/Observations(126090)/FeatureOfInterest;https://citiobs.demo.secure-dimensions.de/staplus/v1.1/Observations(126090)/Objects;https://citiobs.demo.secure-dimensions.de/staplus/v1.1/Observations(126090)/ObservationGroups;https://citiobs.demo.secure-dimensions.de/staplus/v1.1/Observations(126090)/Subjects
https://citiobs.demo.secure-dimensions.de/staplus/v1.1/Observations(126106);126106;2023-07-26T16:16:06Z;2023-07-26T16:16:06Z;26.07;https://citiobs.demo.secure-dimensions.de/staplus/v1.1/Observations(126106)/Datastream;https://citiobs.demo.secure-dimensions.de/staplus/v1.1/Observations(126106)/FeatureOfInterest;https://citiobs.demo.secure-dimensions.de/staplus/v1.1/Observations(126106)/Objects;https://citiobs.demo.secure-dimensions.de/staplus/v1.1/Observations(126106)/ObservationGroups;https://citiobs.demo.secure-dimensions.de/staplus/v1.1/Observations(126106)/Subjects
https://citiobs.demo.secure-dimensions.de/staplus/v1.1/Observations(126122);126122;2023-07-26T16:16:16Z;2023-07-26T16:16:16Z;26.09;https://citiobs.demo.secure-dimensions.de/staplus/v1.1/Observations(126122)/Datastream;https://citiobs.demo.secure-dimensions.de/staplus/v1.1/Observations(126122)/FeatureOfInterest;https://citiobs.demo.secure-dimensions.de/staplus/v1.1/Observations(126122)/Objects;https://citiobs.demo.secure-dimensions.de/staplus/v1.1/Observations(126122)/ObservationGroups;https://citiobs.demo.secure-dimensions.de/staplus/v1.1/Observations(126122)/Subjects
https://citiobs.demo.secure-dimensions.de/staplus/v1.1/Observations(126138);126138;2023-07-26T16:16:26Z;2023-07-26T16:16:26Z;26.13;https://citiobs.demo.secure-dimensions.de/staplus/v1.1/Observations(126138)/Datastream;https://citiobs.demo.secure-dimensions.de/staplus/v1.1/Observations(126138)/FeatureOfInterest;https://citiobs.demo.secure-dimensions.de/staplus/v1.1/Observations(126138)/Objects;https://citiobs.demo.secure-dimensions.de/staplus/v1.1/Observations(126138)/ObservationGroups;https://citiobs.demo.secure-dimensions.de/staplus/v1.1/Observations(126138)/Subjects
https://citiobs.demo.secure-dimensions.de/staplus/v1.1/Observations(126154);126154;2023-07-26T16:16:36Z;2023-07-26T16:16:36Z;26.16;https://citiobs.demo.secure-dimensions.de/staplus/v1.1/Observations(126154)/Datastream;https://citiobs.demo.secure-dimensions.de/staplus/v1.1/Observations(126154)/FeatureOfInterest;https://citiobs.demo.secure-dimensions.de/staplus/v1.1/Observations(126154)/Objects;https://citiobs.demo.secure-dimensions.de/staplus/v1.1/Observations(126154)/ObservationGroups;https://citiobs.demo.secure-dimensions.de/staplus/v1.1/Observations(126154)/Subjects
https://citiobs.demo.secure-dimensions.de/staplus/v1.1/Observations(126170);126170;2023-07-26T16:16:47Z;2023-07-26T16:16:47Z;26.19;https://citiobs.demo.secure-dimensions.de/staplus/v1.1/Observations(126170)/Datastream;https://citiobs.demo.secure-dimensions.de/staplus/v1.1/Observations(126170)/FeatureOfInterest;https://citiobs.demo.secure-dimensions.de/staplus/v1.1/Observations(126170)/Objects;https://citiobs.demo.secure-dimensions.de/staplus/v1.1/Observations(126170)/ObservationGroups;https://citiobs.demo.secure-dimensions.de/staplus/v1.1/Observations(126170)/Subjects
https://citiobs.demo.secure-dimensions.de/staplus/v1.1/Observations(126186);126186;2023-07-26T16:16:57Z;2023-07-26T16:16:57Z;26.21;https://citiobs.demo.secure-dimensions.de/staplus/v1.1/Observations(126186)/Datastream;https://citiobs.demo.secure-dimensions.de/staplus/v1.1/Observations(126186)/FeatureOfInterest;https://citiobs.demo.secure-dimensions.de/staplus/v1.1/Observations(126186)/Objects;https://citiobs.demo.secure-dimensions.de/staplus/v1.1/Observations(126186)/ObservationGroups;https://citiobs.demo.secure-dimensions.de/staplus/v1.1/Observations(126186)/Subjects
https://citiobs.demo.secure-dimensions.de/staplus/v1.1/Observations(126202);126202;2023-07-26T16:17:07Z;2023-07-26T16:17:07Z;26.2;https://citiobs.demo.secure-dimensions.de/staplus/v1.1/Observations(126202)/Datastream;https://citiobs.demo.secure-dimensions.de/staplus/v1.1/Observations(126202)/FeatureOfInterest;https://citiobs.demo.secure-dimensions.de/staplus/v1.1/Observations(126202)/Objects;https://citiobs.demo.secure-dimensions.de/staplus/v1.1/Observations(126202)/ObservationGroups;https://citiobs.demo.secure-dimensions.de/staplus/v1.1/Observations(126202)/Subjects
https://citiobs.demo.secure-dimensions.de/staplus/v1.1/Observations(126218);126218;2023-07-26T16:17:17Z;2023-07-26T16:17:17Z;26.24;https://citiobs.demo.secure-dimensions.de/staplus/v1.1/Observations(126218)/Datastream;https://citiobs.demo.secure-dimensions.de/staplus/v1.1/Observations(126218)/FeatureOfInterest;https://citiobs.demo.secure-dimensions.de/staplus/v1.1/Observations(126218)/Objects;https://citiobs.demo.secure-dimensions.de/staplus/v1.1/Observations(126218)/ObservationGroups;https://citiobs.demo.secure-dimensions.de/staplus/v1.1/Observations(126218)/Subjects
https://citiobs.demo.secure-dimensions.de/staplus/v1.1/Observations(126234);126234;2023-07-26T16:17:27Z;2023-07-26T16:17:27Z;26.23;https://citiobs.demo.secure-dimensions.de/staplus/v1.1/Observations(126234)/Datastream;https://citiobs.demo.secure-dimensions.de/staplus/v1.1/Observations(126234)/FeatureOfInterest;https://citiobs.demo.secure-dimensions.de/staplus/v1.1/Observations(126234)/Objects;https://citiobs.demo.secure-dimensions.de/staplus/v1.1/Observations(126234)/ObservationGroups;https://citiobs.demo.secure-dimensions.de/staplus/v1.1/Observations(126234)/Subjects
https://citiobs.demo.secure-dimensions.de/staplus/v1.1/Observations(126322);126322;2023-07-26T16:19:11Z;2023-07-26T16:19:11Z;26.58;https://citiobs.demo.secure-dimensions.de/staplus/v1.1/Observations(126322)/Datastream;https://citiobs.demo.secure-dimensions.de/staplus/v1.1/Observations(126322)/FeatureOfInterest;https://citiobs.demo.secure-dimensions.de/staplus/v1.1/Observations(126322)/Objects;https://citiobs.demo.secure-dimensions.de/staplus/v1.1/Observations(126322)/ObservationGroups;https://citiobs.demo.secure-dimensions.de/staplus/v1.1/Observations(126322)/Subjects
https://citiobs.demo.secure-dimensions.de/staplus/v1.1/Observations(126338);126338;2023-07-26T16:19:21Z;2023-07-26T16:19:21Z;26.61;https://citiobs.demo.secure-dimensions.de/staplus/v1.1/Observations(126338)/Datastream;https://citiobs.demo.secure-dimensions.de/staplus/v1.1/Observations(126338)/FeatureOfInterest;https://citiobs.demo.secure-dimensions.de/staplus/v1.1/Observations(126338)/Objects;https://citiobs.demo.secure-dimensions.de/staplus/v1.1/Observations(126338)/ObservationGroups;https://citiobs.demo.secure-dimensions.de/staplus/v1.1/Observations(126338)/Subjects
https://citiobs.demo.secure-dimensions.de/staplus/v1.1/Observations(126354);126354;2023-07-26T16:19:31Z;2023-07-26T16:19:31Z;26.65;https://citiobs.demo.secure-dimensions.de/staplus/v1.1/Observations(126354)/Datastream;https://citiobs.demo.secure-dimensions.de/staplus/v1.1/Observations(126354)/FeatureOfInterest;https://citiobs.demo.secure-dimensions.de/staplus/v1.1/Observations(126354)/Objects;https://citiobs.demo.secure-dimensions.de/staplus/v1.1/Observations(126354)/ObservationGroups;https://citiobs.demo.secure-dimensions.de/staplus/v1.1/Observations(126354)/Subjects
https://citiobs.demo.secure-dimensions.de/staplus/v1.1/Observations(126370);126370;2023-07-26T16:19:42Z;2023-07-26T16:19:42Z;26.7;https://citiobs.demo.secure-dimensions.de/staplus/v1.1/Observations(126370)/Datastream;https://citiobs.demo.secure-dimensions.de/staplus/v1.1/Observations(126370)/FeatureOfInterest;https://citiobs.demo.secure-dimensions.de/staplus/v1.1/Observations(126370)/Objects;https://citiobs.demo.secure-dimensions.de/staplus/v1.1/Observations(126370)/ObservationGroups;https://citiobs.demo.secure-dimensions.de/staplus/v1.1/Observations(126370)/Subjects
https://citiobs.demo.secure-dimensions.de/staplus/v1.1/Observations(126386);126386;2023-07-26T16:19:52Z;2023-07-26T16:19:52Z;26.74;https://citiobs.demo.secure-dimensions.de/staplus/v1.1/Observations(126386)/Datastream;https://citiobs.demo.secure-dimensions.de/staplus/v1.1/Observations(126386)/FeatureOfInterest;https://citiobs.demo.secure-dimensions.de/staplus/v1.1/Observations(126386)/Objects;https://citiobs.demo.secure-dimensions.de/staplus/v1.1/Observations(126386)/ObservationGroups;https://citiobs.demo.secure-dimensions.de/staplus/v1.1/Observations(126386)/Subjects
https://citiobs.demo.secure-dimensions.de/staplus/v1.1/Observations(126402);126402;2023-07-26T16:20:02Z;2023-07-26T16:20:02Z;26.75;https://citiobs.demo.secure-dimensions.de/staplus/v1.1/Observations(126402)/Datastream;https://citiobs.demo.secure-dimensions.de/staplus/v1.1/Observations(126402)/FeatureOfInterest;https://citiobs.demo.secure-dimensions.de/staplus/v1.1/Observations(126402)/Objects;https://citiobs.demo.secure-dimensions.de/staplus/v1.1/Observations(126402)/ObservationGroups;https://citiobs.demo.secure-dimensions.de/staplus/v1.1/Observations(126402)/Subjects
https://citiobs.demo.secure-dimensions.de/staplus/v1.1/Observations(126418);126418;2023-07-26T16:20:12Z;2023-07-26T16:20:12Z;26.75;https://citiobs.demo.secure-dimensions.de/staplus/v1.1/Observations(126418)/Datastream;https://citiobs.demo.secure-dimensions.de/staplus/v1.1/Observations(126418)/FeatureOfInterest;https://citiobs.demo.secure-dimensions.de/staplus/v1.1/Observations(126418)/Objects;https://citiobs.demo.secure-dimensions.de/staplus/v1.1/Observations(126418)/ObservationGroups;https://citiobs.demo.secure-dimensions.de/staplus/v1.1/Observations(126418)/Subjects
https://citiobs.demo.secure-dimensions.de/staplus/v1.1/Observations(126434);126434;2023-07-26T16:20:23Z;2023-07-26T16:20:23Z;26.75;https://citiobs.demo.secure-dimensions.de/staplus/v1.1/Observations(126434)/Datastream;https://citiobs.demo.secure-dimensions.de/staplus/v1.1/Observations(126434)/FeatureOfInterest;https://citiobs.demo.secure-dimensions.de/staplus/v1.1/Observations(126434)/Objects;https://citiobs.demo.secure-dimensions.de/staplus/v1.1/Observations(126434)/ObservationGroups;https://citiobs.demo.secure-dimensions.de/staplus/v1.1/Observations(126434)/Subjects
https://citiobs.demo.secure-dimensions.de/staplus/v1.1/Observations(126450);126450;2023-07-26T16:20:33Z;2023-07-26T16:20:33Z;26.75;https://citiobs.demo.secure-dimensions.de/staplus/v1.1/Observations(126450)/Datastream;https://citiobs.demo.secure-dimensions.de/staplus/v1.1/Observations(126450)/FeatureOfInterest;https://citiobs.demo.secure-dimensions.de/staplus/v1.1/Observations(126450)/Objects;https://citiobs.demo.secure-dimensions.de/staplus/v1.1/Observations(126450)/ObservationGroups;https://citiobs.demo.secure-dimensions.de/staplus/v1.1/Observations(126450)/Subjects
https://citiobs.demo.secure-dimensions.de/staplus/v1.1/Observations(126466);126466;2023-07-26T16:20:43Z;2023-07-26T16:20:43Z;26.77;https://citiobs.demo.secure-dimensions.de/staplus/v1.1/Observations(126466)/Datastream;https://citiobs.demo.secure-dimensions.de/staplus/v1.1/Observations(126466)/FeatureOfInterest;https://citiobs.demo.secure-dimensions.de/staplus/v1.1/Observations(126466)/Objects;https://citiobs.demo.secure-dimensions.de/staplus/v1.1/Observations(126466)/ObservationGroups;https://citiobs.demo.secure-dimensions.de/staplus/v1.1/Observations(126466)/Subjects
https://citiobs.demo.secure-dimensions.de/staplus/v1.1/Observations(126482);126482;2023-07-26T16:20:53Z;2023-07-26T16:20:53Z;26.78;https://citiobs.demo.secure-dimensions.de/staplus/v1.1/Observations(126482)/Datastream;https://citiobs.demo.secure-dimensions.de/staplus/v1.1/Observations(126482)/FeatureOfInterest;https://citiobs.demo.secure-dimensions.de/staplus/v1.1/Observations(126482)/Objects;https://citiobs.demo.secure-dimensions.de/staplus/v1.1/Observations(126482)/ObservationGroups;https://citiobs.demo.secure-dimensions.de/staplus/v1.1/Observations(126482)/Subjects
https://citiobs.demo.secure-dimensions.de/staplus/v1.1/Observations(126498);126498;2023-07-26T16:21:03Z;2023-07-26T16:21:03Z;26.87;https://citiobs.demo.secure-dimensions.de/staplus/v1.1/Observations(126498)/Datastream;https://citiobs.demo.secure-dimensions.de/staplus/v1.1/Observations(126498)/FeatureOfInterest;https://citiobs.demo.secure-dimensions.de/staplus/v1.1/Observations(126498)/Objects;https://citiobs.demo.secure-dimensions.de/staplus/v1.1/Observations(126498)/ObservationGroups;https://citiobs.demo.secure-dimensions.de/staplus/v1.1/Observations(126498)/Subjects
https://citiobs.demo.secure-dimensions.de/staplus/v1.1/Observations(126514);126514;2023-07-26T16:21:14Z;2023-07-26T16:21:14Z;26.88;https://citiobs.demo.secure-dimensions.de/staplus/v1.1/Observations(126514)/Datastream;https://citiobs.demo.secure-dimensions.de/staplus/v1.1/Observations(126514)/FeatureOfInterest;https://citiobs.demo.secure-dimensions.de/staplus/v1.1/Observations(126514)/Objects;https://citiobs.demo.secure-dimensions.de/staplus/v1.1/Observations(126514)/ObservationGroups;https://citiobs.demo.secure-dimensions.de/staplus/v1.1/Observations(126514)/Subjects
https://citiobs.demo.secure-dimensions.de/staplus/v1.1/Observations(126530);126530;2023-07-26T16:21:24Z;2023-07-26T16:21:24Z;26.88;https://citiobs.demo.secure-dimensions.de/staplus/v1.1/Observations(126530)/Datastream;https://citiobs.demo.secure-dimensions.de/staplus/v1.1/Observations(126530)/FeatureOfInterest;https://citiobs.demo.secure-dimensions.de/staplus/v1.1/Observations(126530)/Objects;https://citiobs.demo.secure-dimensions.de/staplus/v1.1/Observations(126530)/ObservationGroups;https://citiobs.demo.secure-dimensions.de/staplus/v1.1/Observations(126530)/Subjects
https://citiobs.demo.secure-dimensions.de/staplus/v1.1/Observations(126546);126546;2023-07-26T16:21:34Z;2023-07-26T16:21:34Z;26.98;https://citiobs.demo.secure-dimensions.de/staplus/v1.1/Observations(126546)/Datastream;https://citiobs.demo.secure-dimensions.de/staplus/v1.1/Observations(126546)/FeatureOfInterest;https://citiobs.demo.secure-dimensions.de/staplus/v1.1/Observations(126546)/Objects;https://citiobs.demo.secure-dimensions.de/staplus/v1.1/Observations(126546)/ObservationGroups;https://citiobs.demo.secure-dimensions.de/staplus/v1.1/Observations(126546)/Subjects
https://citiobs.demo.secure-dimensions.de/staplus/v1.1/Observations(126562);126562;2023-07-26T16:21:44Z;2023-07-26T16:21:44Z;26.98;https://citiobs.demo.secure-dimensions.de/staplus/v1.1/Observations(126562)/Datastream;https://citiobs.demo.secure-dimensions.de/staplus/v1.1/Observations(126562)/FeatureOfInterest;https://citiobs.demo.secure-dimensions.de/staplus/v1.1/Observations(126562)/Objects;https://citiobs.demo.secure-dimensions.de/staplus/v1.1/Observations(126562)/ObservationGroups;https://citiobs.demo.secure-dimensions.de/staplus/v1.1/Observations(126562)/Subjects
https://citiobs.demo.secure-dimensions.de/staplus/v1.1/Observations(126578);126578;2023-07-26T16:21:55Z;2023-07-26T16:21:55Z;27.01;https://citiobs.demo.secure-dimensions.de/staplus/v1.1/Observations(126578)/Datastream;https://citiobs.demo.secure-dimensions.de/staplus/v1.1/Observations(126578)/FeatureOfInterest;https://citiobs.demo.secure-dimensions.de/staplus/v1.1/Observations(126578)/Objects;https://citiobs.demo.secure-dimensions.de/staplus/v1.1/Observations(126578)/ObservationGroups;https://citiobs.demo.secure-dimensions.de/staplus/v1.1/Observations(126578)/Subjects
https://citiobs.demo.secure-dimensions.de/staplus/v1.1/Observations(126594);126594;2023-07-26T16:22:05Z;2023-07-26T16:22:05Z;27.02;https://citiobs.demo.secure-dimensions.de/staplus/v1.1/Observations(126594)/Datastream;https://citiobs.demo.secure-dimensions.de/staplus/v1.1/Observations(126594)/FeatureOfInterest;https://citiobs.demo.secure-dimensions.de/staplus/v1.1/Observations(126594)/Objects;https://citiobs.demo.secure-dimensions.de/staplus/v1.1/Observations(126594)/ObservationGroups;https://citiobs.demo.secure-dimensions.de/staplus/v1.1/Observations(126594)/Subjects
https://citiobs.demo.secure-dimensions.de/staplus/v1.1/Observations(126610);126610;2023-07-26T16:22:15Z;2023-07-26T16:22:15Z;27.04;https://citiobs.demo.secure-dimensions.de/staplus/v1.1/Observations(126610)/Datastream;https://citiobs.demo.secure-dimensions.de/staplus/v1.1/Observations(126610)/FeatureOfInterest;https://citiobs.demo.secure-dimensions.de/staplus/v1.1/Observations(126610)/Objects;https://citiobs.demo.secure-dimensions.de/staplus/v1.1/Observations(126610)/ObservationGroups;https://citiobs.demo.secure-dimensions.de/staplus/v1.1/Observations(126610)/Subjects
https://citiobs.demo.secure-dimensions.de/staplus/v1.1/Observations(126626);126626;2023-07-26T16:22:25Z;2023-07-26T16:22:25Z;27.04;https://citiobs.demo.secure-dimensions.de/staplus/v1.1/Observations(126626)/Datastream;https://citiobs.demo.secure-dimensions.de/staplus/v1.1/Observations(126626)/FeatureOfInterest;https://citiobs.demo.secure-dimensions.de/staplus/v1.1/Observations(126626)/Objects;https://citiobs.demo.secure-dimensions.de/staplus/v1.1/Observations(126626)/ObservationGroups;https://citiobs.demo.secure-dimensions.de/staplus/v1.1/Observations(126626)/Subjects
https://citiobs.demo.secure-dimensions.de/staplus/v1.1/Observations(126642);126642;2023-07-26T16:22:35Z;2023-07-26T16:22:35Z;27.05;https://citiobs.demo.secure-dimensions.de/staplus/v1.1/Observations(126642)/Datastream;https://citiobs.demo.secure-dimensions.de/staplus/v1.1/Observations(126642)/FeatureOfInterest;https://citiobs.demo.secure-dimensions.de/staplus/v1.1/Observations(126642)/Objects;https://citiobs.demo.secure-dimensions.de/staplus/v1.1/Observations(126642)/ObservationGroups;https://citiobs.demo.secure-dimensions.de/staplus/v1.1/Observations(126642)/Subjects
https://citiobs.demo.secure-dimensions.de/staplus/v1.1/Observations(126658);126658;2023-07-26T16:22:46Z;2023-07-26T16:22:46Z;27.08;https://citiobs.demo.secure-dimensions.de/staplus/v1.1/Observations(126658)/Datastream;https://citiobs.demo.secure-dimensions.de/staplus/v1.1/Observations(126658)/FeatureOfInterest;https://citiobs.demo.secure-dimensions.de/staplus/v1.1/Observations(126658)/Objects;https://citiobs.demo.secure-dimensions.de/staplus/v1.1/Observations(126658)/ObservationGroups;https://citiobs.demo.secure-dimensions.de/staplus/v1.1/Observations(126658)/Subjects
https://citiobs.demo.secure-dimensions.de/staplus/v1.1/Observations(126674);126674;2023-07-26T16:22:56Z;2023-07-26T16:22:56Z;27.08;https://citiobs.demo.secure-dimensions.de/staplus/v1.1/Observations(126674)/Datastream;https://citiobs.demo.secure-dimensions.de/staplus/v1.1/Observations(126674)/FeatureOfInterest;https://citiobs.demo.secure-dimensions.de/staplus/v1.1/Observations(126674)/Objects;https://citiobs.demo.secure-dimensions.de/staplus/v1.1/Observations(126674)/ObservationGroups;https://citiobs.demo.secure-dimensions.de/staplus/v1.1/Observations(126674)/Subjects
https://citiobs.demo.secure-dimensions.de/staplus/v1.1/Observations(126690);126690;2023-07-26T16:23:06Z;2023-07-26T16:23:06Z;27.11;https://citiobs.demo.secure-dimensions.de/staplus/v1.1/Observations(126690)/Datastream;https://citiobs.demo.secure-dimensions.de/staplus/v1.1/Observations(126690)/FeatureOfInterest;https://citiobs.demo.secure-dimensions.de/staplus/v1.1/Observations(126690)/Objects;https://citiobs.demo.secure-dimensions.de/staplus/v1.1/Observations(126690)/ObservationGroups;https://citiobs.demo.secure-dimensions.de/staplus/v1.1/Observations(126690)/Subjects
https://citiobs.demo.secure-dimensions.de/staplus/v1.1/Observations(126706);126706;2023-07-26T16:23:16Z;2023-07-26T16:23:16Z;27.11;https://citiobs.demo.secure-dimensions.de/staplus/v1.1/Observations(126706)/Datastream;https://citiobs.demo.secure-dimensions.de/staplus/v1.1/Observations(126706)/FeatureOfInterest;https://citiobs.demo.secure-dimensions.de/staplus/v1.1/Observations(126706)/Objects;https://citiobs.demo.secure-dimensions.de/staplus/v1.1/Observations(126706)/ObservationGroups;https://citiobs.demo.secure-dimensions.de/staplus/v1.1/Observations(126706)/Subjects
https://citiobs.demo.secure-dimensions.de/staplus/v1.1/Observations(126722);126722;2023-07-26T16:23:27Z;2023-07-26T16:23:27Z;27.13;https://citiobs.demo.secure-dimensions.de/staplus/v1.1/Observations(126722)/Datastream;https://citiobs.demo.secure-dimensions.de/staplus/v1.1/Observations(126722)/FeatureOfInterest;https://citiobs.demo.secure-dimensions.de/staplus/v1.1/Observations(126722)/Objects;https://citiobs.demo.secure-dimensions.de/staplus/v1.1/Observations(126722)/ObservationGroups;https://citiobs.demo.secure-dimensions.de/staplus/v1.1/Observations(126722)/Subjects
https://citiobs.demo.secure-dimensions.de/staplus/v1.1/Observations(126738);126738;2023-07-26T16:23:37Z;2023-07-26T16:23:37Z;27.16;https://citiobs.demo.secure-dimensions.de/staplus/v1.1/Observations(126738)/Datastream;https://citiobs.demo.secure-dimensions.de/staplus/v1.1/Observations(126738)/FeatureOfInterest;https://citiobs.demo.secure-dimensions.de/staplus/v1.1/Observations(126738)/Objects;https://citiobs.demo.secure-dimensions.de/staplus/v1.1/Observations(126738)/ObservationGroups;https://citiobs.demo.secure-dimensions.de/staplus/v1.1/Observations(126738)/Subjects
https://citiobs.demo.secure-dimensions.de/staplus/v1.1/Observations(126754);126754;2023-07-26T16:23:47Z;2023-07-26T16:23:47Z;27.13;https://citiobs.demo.secure-dimensions.de/staplus/v1.1/Observations(126754)/Datastream;https://citiobs.demo.secure-dimensions.de/staplus/v1.1/Observations(126754)/FeatureOfInterest;https://citiobs.demo.secure-dimensions.de/staplus/v1.1/Observations(126754)/Objects;https://citiobs.demo.secure-dimensions.de/staplus/v1.1/Observations(126754)/ObservationGroups;https://citiobs.demo.secure-dimensions.de/staplus/v1.1/Observations(126754)/Subjects
https://citiobs.demo.secure-dimensions.de/staplus/v1.1/Observations(126770);126770;2023-07-26T16:23:57Z;2023-07-26T16:23:57Z;27.15;https://citiobs.demo.secure-dimensions.de/staplus/v1.1/Observations(126770)/Datastream;https://citiobs.demo.secure-dimensions.de/staplus/v1.1/Observations(126770)/FeatureOfInterest;https://citiobs.demo.secure-dimensions.de/staplus/v1.1/Observations(126770)/Objects;https://citiobs.demo.secure-dimensions.de/staplus/v1.1/Observations(126770)/ObservationGroups;https://citiobs.demo.secure-dimensions.de/staplus/v1.1/Observations(126770)/Subjects
https://citiobs.demo.secure-dimensions.de/staplus/v1.1/Observations(126786);126786;2023-07-26T16:24:07Z;2023-07-26T16:24:07Z;27.12;https://citiobs.demo.secure-dimensions.de/staplus/v1.1/Observations(126786)/Datastream;https://citiobs.demo.secure-dimensions.de/staplus/v1.1/Observations(126786)/FeatureOfInterest;https://citiobs.demo.secure-dimensions.de/staplus/v1.1/Observations(126786)/Objects;https://citiobs.demo.secure-dimensions.de/staplus/v1.1/Observations(126786)/ObservationGroups;https://citiobs.demo.secure-dimensions.de/staplus/v1.1/Observations(126786)/Subjects
https://citiobs.demo.secure-dimensions.de/staplus/v1.1/Observations(126802);126802;2023-07-26T16:24:18Z;2023-07-26T16:24:18Z;27.18;https://citiobs.demo.secure-dimensions.de/staplus/v1.1/Observations(126802)/Datastream;https://citiobs.demo.secure-dimensions.de/staplus/v1.1/Observations(126802)/FeatureOfInterest;https://citiobs.demo.secure-dimensions.de/staplus/v1.1/Observations(126802)/Objects;https://citiobs.demo.secure-dimensions.de/staplus/v1.1/Observations(126802)/ObservationGroups;https://citiobs.demo.secure-dimensions.de/staplus/v1.1/Observations(126802)/Subjects
https://citiobs.demo.secure-dimensions.de/staplus/v1.1/Observations(126818);126818;2023-07-26T16:24:28Z;2023-07-26T16:24:28Z;27.19;https://citiobs.demo.secure-dimensions.de/staplus/v1.1/Observations(126818)/Datastream;https://citiobs.demo.secure-dimensions.de/staplus/v1.1/Observations(126818)/FeatureOfInterest;https://citiobs.demo.secure-dimensions.de/staplus/v1.1/Observations(126818)/Objects;https://citiobs.demo.secure-dimensions.de/staplus/v1.1/Observations(126818)/ObservationGroups;https://citiobs.demo.secure-dimensions.de/staplus/v1.1/Observations(126818)/Subjects
https://citiobs.demo.secure-dimensions.de/staplus/v1.1/Observations(126834);126834;2023-07-26T16:24:38Z;2023-07-26T16:24:38Z;27.2;https://citiobs.demo.secure-dimensions.de/staplus/v1.1/Observations(126834)/Datastream;https://citiobs.demo.secure-dimensions.de/staplus/v1.1/Observations(126834)/FeatureOfInterest;https://citiobs.demo.secure-dimensions.de/staplus/v1.1/Observations(126834)/Objects;https://citiobs.demo.secure-dimensions.de/staplus/v1.1/Observations(126834)/ObservationGroups;https://citiobs.demo.secure-dimensions.de/staplus/v1.1/Observations(126834)/Subjects
https://citiobs.demo.secure-dimensions.de/staplus/v1.1/Observations(126850);126850;2023-07-26T16:24:48Z;2023-07-26T16:24:48Z;27.19;https://citiobs.demo.secure-dimensions.de/staplus/v1.1/Observations(126850)/Datastream;https://citiobs.demo.secure-dimensions.de/staplus/v1.1/Observations(126850)/FeatureOfInterest;https://citiobs.demo.secure-dimensions.de/staplus/v1.1/Observations(126850)/Objects;https://citiobs.demo.secure-dimensions.de/staplus/v1.1/Observations(126850)/ObservationGroups;https://citiobs.demo.secure-dimensions.de/staplus/v1.1/Observations(126850)/Subjects
https://citiobs.demo.secure-dimensions.de/staplus/v1.1/Observations(126866);126866;2023-07-26T16:24:59Z;2023-07-26T16:24:59Z;27.26;https://citiobs.demo.secure-dimensions.de/staplus/v1.1/Observations(126866)/Datastream;https://citiobs.demo.secure-dimensions.de/staplus/v1.1/Observations(126866)/FeatureOfInterest;https://citiobs.demo.secure-dimensions.de/staplus/v1.1/Observations(126866)/Objects;https://citiobs.demo.secure-dimensions.de/staplus/v1.1/Observations(126866)/ObservationGroups;https://citiobs.demo.secure-dimensions.de/staplus/v1.1/Observations(126866)/Subjects
https://citiobs.demo.secure-dimensions.de/staplus/v1.1/Observations(126882);126882;2023-07-26T16:25:09Z;2023-07-26T16:25:09Z;27.29;https://citiobs.demo.secure-dimensions.de/staplus/v1.1/Observations(126882)/Datastream;https://citiobs.demo.secure-dimensions.de/staplus/v1.1/Observations(126882)/FeatureOfInterest;https://citiobs.demo.secure-dimensions.de/staplus/v1.1/Observations(126882)/Objects;https://citiobs.demo.secure-dimensions.de/staplus/v1.1/Observations(126882)/ObservationGroups;https://citiobs.demo.secure-dimensions.de/staplus/v1.1/Observations(126882)/Subjects
https://citiobs.demo.secure-dimensions.de/staplus/v1.1/Observations(126898);126898;2023-07-26T16:25:19Z;2023-07-26T16:25:19Z;27.26;https://citiobs.demo.secure-dimensions.de/staplus/v1.1/Observations(126898)/Datastream;https://citiobs.demo.secure-dimensions.de/staplus/v1.1/Observations(126898)/FeatureOfInterest;https://citiobs.demo.secure-dimensions.de/staplus/v1.1/Observations(126898)/Objects;https://citiobs.demo.secure-dimensions.de/staplus/v1.1/Observations(126898)/ObservationGroups;https://citiobs.demo.secure-dimensions.de/staplus/v1.1/Observations(126898)/Subjects
https://citiobs.demo.secure-dimensions.de/staplus/v1.1/Observations(126914);126914;2023-07-26T16:25:29Z;2023-07-26T16:25:29Z;27.25;https://citiobs.demo.secure-dimensions.de/staplus/v1.1/Observations(126914)/Datastream;https://citiobs.demo.secure-dimensions.de/staplus/v1.1/Observations(126914)/FeatureOfInterest;https://citiobs.demo.secure-dimensions.de/staplus/v1.1/Observations(126914)/Objects;https://citiobs.demo.secure-dimensions.de/staplus/v1.1/Observations(126914)/ObservationGroups;https://citiobs.demo.secure-dimensions.de/staplus/v1.1/Observations(126914)/Subjects
https://citiobs.demo.secure-dimensions.de/staplus/v1.1/Observations(126930);126930;2023-07-26T16:25:39Z;2023-07-26T16:25:39Z;27.28;https://citiobs.demo.secure-dimensions.de/staplus/v1.1/Observations(126930)/Datastream;https://citiobs.demo.secure-dimensions.de/staplus/v1.1/Observations(126930)/FeatureOfInterest;https://citiobs.demo.secure-dimensions.de/staplus/v1.1/Observations(126930)/Objects;https://citiobs.demo.secure-dimensions.de/staplus/v1.1/Observations(126930)/ObservationGroups;https://citiobs.demo.secure-dimensions.de/staplus/v1.1/Observations(126930)/Subjects
https://citiobs.demo.secure-dimensions.de/staplus/v1.1/Observations(126946);126946;2023-07-26T16:25:50Z;2023-07-26T16:25:50Z;27.28;https://citiobs.demo.secure-dimensions.de/staplus/v1.1/Observations(126946)/Datastream;https://citiobs.demo.secure-dimensions.de/staplus/v1.1/Observations(126946)/FeatureOfInterest;https://citiobs.demo.secure-dimensions.de/staplus/v1.1/Observations(126946)/Objects;https://citiobs.demo.secure-dimensions.de/staplus/v1.1/Observations(126946)/ObservationGroups;https://citiobs.demo.secure-dimensions.de/staplus/v1.1/Observations(126946)/Subjects
https://citiobs.demo.secure-dimensions.de/staplus/v1.1/Observations(126962);126962;2023-07-26T16:26:00Z;2023-07-26T16:26:00Z;27.29;https://citiobs.demo.secure-dimensions.de/staplus/v1.1/Observations(126962)/Datastream;https://citiobs.demo.secure-dimensions.de/staplus/v1.1/Observations(126962)/FeatureOfInterest;https://citiobs.demo.secure-dimensions.de/staplus/v1.1/Observations(126962)/Objects;https://citiobs.demo.secure-dimensions.de/staplus/v1.1/Observations(126962)/ObservationGroups;https://citiobs.demo.secure-dimensions.de/staplus/v1.1/Observations(126962)/Subjects
https://citiobs.demo.secure-dimensions.de/staplus/v1.1/Observations(126978);126978;2023-07-26T16:26:10Z;2023-07-26T16:26:10Z;27.32;https://citiobs.demo.secure-dimensions.de/staplus/v1.1/Observations(126978)/Datastream;https://citiobs.demo.secure-dimensions.de/staplus/v1.1/Observations(126978)/FeatureOfInterest;https://citiobs.demo.secure-dimensions.de/staplus/v1.1/Observations(126978)/Objects;https://citiobs.demo.secure-dimensions.de/staplus/v1.1/Observations(126978)/ObservationGroups;https://citiobs.demo.secure-dimensions.de/staplus/v1.1/Observations(126978)/Subjects
https://citiobs.demo.secure-dimensions.de/staplus/v1.1/Observations(126994);126994;2023-07-26T16:26:20Z;2023-07-26T16:26:20Z;27.35;https://citiobs.demo.secure-dimensions.de/staplus/v1.1/Observations(126994)/Datastream;https://citiobs.demo.secure-dimensions.de/staplus/v1.1/Observations(126994)/FeatureOfInterest;https://citiobs.demo.secure-dimensions.de/staplus/v1.1/Observations(126994)/Objects;https://citiobs.demo.secure-dimensions.de/staplus/v1.1/Observations(126994)/ObservationGroups;https://citiobs.demo.secure-dimensions.de/staplus/v1.1/Observations(126994)/Subjects
https://citiobs.demo.secure-dimensions.de/staplus/v1.1/Observations(127010);127010;2023-07-26T16:26:31Z;2023-07-26T16:26:31Z;27.3;https://citiobs.demo.secure-dimensions.de/staplus/v1.1/Observations(127010)/Datastream;https://citiobs.demo.secure-dimensions.de/staplus/v1.1/Observations(127010)/FeatureOfInterest;https://citiobs.demo.secure-dimensions.de/staplus/v1.1/Observations(127010)/Objects;https://citiobs.demo.secure-dimensions.de/staplus/v1.1/Observations(127010)/ObservationGroups;https://citiobs.demo.secure-dimensions.de/staplus/v1.1/Observations(127010)/Subjects
https://citiobs.demo.secure-dimensions.de/staplus/v1.1/Observations(127026);127026;2023-07-26T16:26:41Z;2023-07-26T16:26:41Z;27.3;https://citiobs.demo.secure-dimensions.de/staplus/v1.1/Observations(127026)/Datastream;https://citiobs.demo.secure-dimensions.de/staplus/v1.1/Observations(127026)/FeatureOfInterest;https://citiobs.demo.secure-dimensions.de/staplus/v1.1/Observations(127026)/Objects;https://citiobs.demo.secure-dimensions.de/staplus/v1.1/Observations(127026)/ObservationGroups;https://citiobs.demo.secure-dimensions.de/staplus/v1.1/Observations(127026)/Subjects
https://citiobs.demo.secure-dimensions.de/staplus/v1.1/Observations(127042);127042;2023-07-26T16:26:51Z;2023-07-26T16:26:51Z;27.32;https://citiobs.demo.secure-dimensions.de/staplus/v1.1/Observations(127042)/Datastream;https://citiobs.demo.secure-dimensions.de/staplus/v1.1/Observations(127042)/FeatureOfInterest;https://citiobs.demo.secure-dimensions.de/staplus/v1.1/Observations(127042)/Objects;https://citiobs.demo.secure-dimensions.de/staplus/v1.1/Observations(127042)/ObservationGroups;https://citiobs.demo.secure-dimensions.de/staplus/v1.1/Observations(127042)/Subjects
https://citiobs.demo.secure-dimensions.de/staplus/v1.1/Observations(127058);127058;2023-07-26T16:27:01Z;2023-07-26T16:27:01Z;27.36;https://citiobs.demo.secure-dimensions.de/staplus/v1.1/Observations(127058)/Datastream;https://citiobs.demo.secure-dimensions.de/staplus/v1.1/Observations(127058)/FeatureOfInterest;https://citiobs.demo.secure-dimensions.de/staplus/v1.1/Observations(127058)/Objects;https://citiobs.demo.secure-dimensions.de/staplus/v1.1/Observations(127058)/ObservationGroups;https://citiobs.demo.secure-dimensions.de/staplus/v1.1/Observations(127058)/Subjects
https://citiobs.demo.secure-dimensions.de/staplus/v1.1/Observations(127074);127074;2023-07-26T16:27:11Z;2023-07-26T16:27:11Z;27.35;https://citiobs.demo.secure-dimensions.de/staplus/v1.1/Observations(127074)/Datastream;https://citiobs.demo.secure-dimensions.de/staplus/v1.1/Observations(127074)/FeatureOfInterest;https://citiobs.demo.secure-dimensions.de/staplus/v1.1/Observations(127074)/Objects;https://citiobs.demo.secure-dimensions.de/staplus/v1.1/Observations(127074)/ObservationGroups;https://citiobs.demo.secure-dimensions.de/staplus/v1.1/Observations(127074)/Subjects
https://citiobs.demo.secure-dimensions.de/staplus/v1.1/Observations(127090);127090;2023-07-26T16:27:22Z;2023-07-26T16:27:22Z;27.36;https://citiobs.demo.secure-dimensions.de/staplus/v1.1/Observations(127090)/Datastream;https://citiobs.demo.secure-dimensions.de/staplus/v1.1/Observations(127090)/FeatureOfInterest;https://citiobs.demo.secure-dimensions.de/staplus/v1.1/Observations(127090)/Objects;https://citiobs.demo.secure-dimensions.de/staplus/v1.1/Observations(127090)/ObservationGroups;https://citiobs.demo.secure-dimensions.de/staplus/v1.1/Observations(127090)/Subjects
https://citiobs.demo.secure-dimensions.de/staplus/v1.1/Observations(127106);127106;2023-07-26T16:27:32Z;2023-07-26T16:27:32Z;27.35;https://citiobs.demo.secure-dimensions.de/staplus/v1.1/Observations(127106)/Datastream;https://citiobs.demo.secure-dimensions.de/staplus/v1.1/Observations(127106)/FeatureOfInterest;https://citiobs.demo.secure-dimensions.de/staplus/v1.1/Observations(127106)/Objects;https://citiobs.demo.secure-dimensions.de/staplus/v1.1/Observations(127106)/ObservationGroups;https://citiobs.demo.secure-dimensions.de/staplus/v1.1/Observations(127106)/Subjects
https://citiobs.demo.secure-dimensions.de/staplus/v1.1/Observations(127122);127122;2023-07-26T16:27:42Z;2023-07-26T16:27:42Z;27.33;https://citiobs.demo.secure-dimensions.de/staplus/v1.1/Observations(127122)/Datastream;https://citiobs.demo.secure-dimensions.de/staplus/v1.1/Observations(127122)/FeatureOfInterest;https://citiobs.demo.secure-dimensions.de/staplus/v1.1/Observations(127122)/Objects;https://citiobs.demo.secure-dimensions.de/staplus/v1.1/Observations(127122)/ObservationGroups;https://citiobs.demo.secure-dimensions.de/staplus/v1.1/Observations(127122)/Subjects
https://citiobs.demo.secure-dimensions.de/staplus/v1.1/Observations(127138);127138;2023-07-26T16:27:52Z;2023-07-26T16:27:52Z;27.35;https://citiobs.demo.secure-dimensions.de/staplus/v1.1/Observations(127138)/Datastream;https://citiobs.demo.secure-dimensions.de/staplus/v1.1/Observations(127138)/FeatureOfInterest;https://citiobs.demo.secure-dimensions.de/staplus/v1.1/Observations(127138)/Objects;https://citiobs.demo.secure-dimensions.de/staplus/v1.1/Observations(127138)/ObservationGroups;https://citiobs.demo.secure-dimensions.de/staplus/v1.1/Observations(127138)/Subjects
https://citiobs.demo.secure-dimensions.de/staplus/v1.1/Observations(127154);127154;2023-07-26T16:28:03Z;2023-07-26T16:28:03Z;27.3;https://citiobs.demo.secure-dimensions.de/staplus/v1.1/Observations(127154)/Datastream;https://citiobs.demo.secure-dimensions.de/staplus/v1.1/Observations(127154)/FeatureOfInterest;https://citiobs.demo.secure-dimensions.de/staplus/v1.1/Observations(127154)/Objects;https://citiobs.demo.secure-dimensions.de/staplus/v1.1/Observations(127154)/ObservationGroups;https://citiobs.demo.secure-dimensions.de/staplus/v1.1/Observations(127154)/Subjects
https://citiobs.demo.secure-dimensions.de/staplus/v1.1/Observations(127170);127170;2023-07-26T16:28:13Z;2023-07-26T16:28:13Z;27.32;https://citiobs.demo.secure-dimensions.de/staplus/v1.1/Observations(127170)/Datastream;https://citiobs.demo.secure-dimensions.de/staplus/v1.1/Observations(127170)/FeatureOfInterest;https://citiobs.demo.secure-dimensions.de/staplus/v1.1/Observations(127170)/Objects;https://citiobs.demo.secure-dimensions.de/staplus/v1.1/Observations(127170)/ObservationGroups;https://citiobs.demo.secure-dimensions.de/staplus/v1.1/Observations(127170)/Subjects
https://citiobs.demo.secure-dimensions.de/staplus/v1.1/Observations(127186);127186;2023-07-26T16:28:23Z;2023-07-26T16:28:23Z;27.33;https://citiobs.demo.secure-dimensions.de/staplus/v1.1/Observations(127186)/Datastream;https://citiobs.demo.secure-dimensions.de/staplus/v1.1/Observations(127186)/FeatureOfInterest;https://citiobs.demo.secure-dimensions.de/staplus/v1.1/Observations(127186)/Objects;https://citiobs.demo.secure-dimensions.de/staplus/v1.1/Observations(127186)/ObservationGroups;https://citiobs.demo.secure-dimensions.de/staplus/v1.1/Observations(127186)/Subjects
https://citiobs.demo.secure-dimensions.de/staplus/v1.1/Observations(127202);127202;2023-07-26T16:28:33Z;2023-07-26T16:28:33Z;27.35;https://citiobs.demo.secure-dimensions.de/staplus/v1.1/Observations(127202)/Datastream;https://citiobs.demo.secure-dimensions.de/staplus/v1.1/Observations(127202)/FeatureOfInterest;https://citiobs.demo.secure-dimensions.de/staplus/v1.1/Observations(127202)/Objects;https://citiobs.demo.secure-dimensions.de/staplus/v1.1/Observations(127202)/ObservationGroups;https://citiobs.demo.secure-dimensions.de/staplus/v1.1/Observations(127202)/Subjects
https://citiobs.demo.secure-dimensions.de/staplus/v1.1/Observations(127218);127218;2023-07-26T16:28:43Z;2023-07-26T16:28:43Z;27.39;https://citiobs.demo.secure-dimensions.de/staplus/v1.1/Observations(127218)/Datastream;https://citiobs.demo.secure-dimensions.de/staplus/v1.1/Observations(127218)/FeatureOfInterest;https://citiobs.demo.secure-dimensions.de/staplus/v1.1/Observations(127218)/Objects;https://citiobs.demo.secure-dimensions.de/staplus/v1.1/Observations(127218)/ObservationGroups;https://citiobs.demo.secure-dimensions.de/staplus/v1.1/Observations(127218)/Subjects
https://citiobs.demo.secure-dimensions.de/staplus/v1.1/Observations(127234);127234;2023-07-26T16:28:54Z;2023-07-26T16:28:54Z;27.3;https://citiobs.demo.secure-dimensions.de/staplus/v1.1/Observations(127234)/Datastream;https://citiobs.demo.secure-dimensions.de/staplus/v1.1/Observations(127234)/FeatureOfInterest;https://citiobs.demo.secure-dimensions.de/staplus/v1.1/Observations(127234)/Objects;https://citiobs.demo.secure-dimensions.de/staplus/v1.1/Observations(127234)/ObservationGroups;https://citiobs.demo.secure-dimensions.de/staplus/v1.1/Observations(127234)/Subjects
https://citiobs.demo.secure-dimensions.de/staplus/v1.1/Observations(127250);127250;2023-07-26T16:29:04Z;2023-07-26T16:29:04Z;27.33;https://citiobs.demo.secure-dimensions.de/staplus/v1.1/Observations(127250)/Datastream;https://citiobs.demo.secure-dimensions.de/staplus/v1.1/Observations(127250)/FeatureOfInterest;https://citiobs.demo.secure-dimensions.de/staplus/v1.1/Observations(127250)/Objects;https://citiobs.demo.secure-dimensions.de/staplus/v1.1/Observations(127250)/ObservationGroups;https://citiobs.demo.secure-dimensions.de/staplus/v1.1/Observations(127250)/Subjects
https://citiobs.demo.secure-dimensions.de/staplus/v1.1/Observations(127266);127266;2023-07-26T16:29:14Z;2023-07-26T16:29:14Z;27.3;https://citiobs.demo.secure-dimensions.de/staplus/v1.1/Observations(127266)/Datastream;https://citiobs.demo.secure-dimensions.de/staplus/v1.1/Observations(127266)/FeatureOfInterest;https://citiobs.demo.secure-dimensions.de/staplus/v1.1/Observations(127266)/Objects;https://citiobs.demo.secure-dimensions.de/staplus/v1.1/Observations(127266)/ObservationGroups;https://citiobs.demo.secure-dimensions.de/staplus/v1.1/Observations(127266)/Subjects
https://citiobs.demo.secure-dimensions.de/staplus/v1.1/Observations(127282);127282;2023-07-26T16:29:24Z;2023-07-26T16:29:24Z;27.33;https://citiobs.demo.secure-dimensions.de/staplus/v1.1/Observations(127282)/Datastream;https://citiobs.demo.secure-dimensions.de/staplus/v1.1/Observations(127282)/FeatureOfInterest;https://citiobs.demo.secure-dimensions.de/staplus/v1.1/Observations(127282)/Objects;https://citiobs.demo.secure-dimensions.de/staplus/v1.1/Observations(127282)/ObservationGroups;https://citiobs.demo.secure-dimensions.de/staplus/v1.1/Observations(127282)/Subjects
https://citiobs.demo.secure-dimensions.de/staplus/v1.1/Observations(127298);127298;2023-07-26T16:29:35Z;2023-07-26T16:29:35Z;27.36;https://citiobs.demo.secure-dimensions.de/staplus/v1.1/Observations(127298)/Datastream;https://citiobs.demo.secure-dimensions.de/staplus/v1.1/Observations(127298)/FeatureOfInterest;https://citiobs.demo.secure-dimensions.de/staplus/v1.1/Observations(127298)/Objects;https://citiobs.demo.secure-dimensions.de/staplus/v1.1/Observations(127298)/ObservationGroups;https://citiobs.demo.secure-dimensions.de/staplus/v1.1/Observations(127298)/Subjects
https://citiobs.demo.secure-dimensions.de/staplus/v1.1/Observations(127314);127314;2023-07-26T16:29:45Z;2023-07-26T16:29:45Z;27.39;https://citiobs.demo.secure-dimensions.de/staplus/v1.1/Observations(127314)/Datastream;https://citiobs.demo.secure-dimensions.de/staplus/v1.1/Observations(127314)/FeatureOfInterest;https://citiobs.demo.secure-dimensions.de/staplus/v1.1/Observations(127314)/Objects;https://citiobs.demo.secure-dimensions.de/staplus/v1.1/Observations(127314)/ObservationGroups;https://citiobs.demo.secure-dimensions.de/staplus/v1.1/Observations(127314)/Subjects
https://citiobs.demo.secure-dimensions.de/staplus/v1.1/Observations(127330);127330;2023-07-26T16:29:55Z;2023-07-26T16:29:55Z;27.4;https://citiobs.demo.secure-dimensions.de/staplus/v1.1/Observations(127330)/Datastream;https://citiobs.demo.secure-dimensions.de/staplus/v1.1/Observations(127330)/FeatureOfInterest;https://citiobs.demo.secure-dimensions.de/staplus/v1.1/Observations(127330)/Objects;https://citiobs.demo.secure-dimensions.de/staplus/v1.1/Observations(127330)/ObservationGroups;https://citiobs.demo.secure-dimensions.de/staplus/v1.1/Observations(127330)/Subjects
https://citiobs.demo.secure-dimensions.de/staplus/v1.1/Observations(127346);127346;2023-07-26T16:30:05Z;2023-07-26T16:30:05Z;27.4;https://citiobs.demo.secure-dimensions.de/staplus/v1.1/Observations(127346)/Datastream;https://citiobs.demo.secure-dimensions.de/staplus/v1.1/Observations(127346)/FeatureOfInterest;https://citiobs.demo.secure-dimensions.de/staplus/v1.1/Observations(127346)/Objects;https://citiobs.demo.secure-dimensions.de/staplus/v1.1/Observations(127346)/ObservationGroups;https://citiobs.demo.secure-dimensions.de/staplus/v1.1/Observations(127346)/Subjects
https://citiobs.demo.secure-dimensions.de/staplus/v1.1/Observations(127362);127362;2023-07-26T16:30:15Z;2023-07-26T16:30:15Z;27.4;https://citiobs.demo.secure-dimensions.de/staplus/v1.1/Observations(127362)/Datastream;https://citiobs.demo.secure-dimensions.de/staplus/v1.1/Observations(127362)/FeatureOfInterest;https://citiobs.demo.secure-dimensions.de/staplus/v1.1/Observations(127362)/Objects;https://citiobs.demo.secure-dimensions.de/staplus/v1.1/Observations(127362)/ObservationGroups;https://citiobs.demo.secure-dimensions.de/staplus/v1.1/Observations(127362)/Subjects
https://citiobs.demo.secure-dimensions.de/staplus/v1.1/Observations(127378);127378;2023-07-26T16:30:26Z;2023-07-26T16:30:26Z;27.39;https://citiobs.demo.secure-dimensions.de/staplus/v1.1/Observations(127378)/Datastream;https://citiobs.demo.secure-dimensions.de/staplus/v1.1/Observations(127378)/FeatureOfInterest;https://citiobs.demo.secure-dimensions.de/staplus/v1.1/Observations(127378)/Objects;https://citiobs.demo.secure-dimensions.de/staplus/v1.1/Observations(127378)/ObservationGroups;https://citiobs.demo.secure-dimensions.de/staplus/v1.1/Observations(127378)/Subjects
https://citiobs.demo.secure-dimensions.de/staplus/v1.1/Observations(127394);127394;2023-07-26T16:30:36Z;2023-07-26T16:30:36Z;27.4;https://citiobs.demo.secure-dimensions.de/staplus/v1.1/Observations(127394)/Datastream;https://citiobs.demo.secure-dimensions.de/staplus/v1.1/Observations(127394)/FeatureOfInterest;https://citiobs.demo.secure-dimensions.de/staplus/v1.1/Observations(127394)/Objects;https://citiobs.demo.secure-dimensions.de/staplus/v1.1/Observations(127394)/ObservationGroups;https://citiobs.demo.secure-dimensions.de/staplus/v1.1/Observations(127394)/Subjects
https://citiobs.demo.secure-dimensions.de/staplus/v1.1/Observations(127410);127410;2023-07-26T16:30:46Z;2023-07-26T16:30:46Z;27.39;https://citiobs.demo.secure-dimensions.de/staplus/v1.1/Observations(127410)/Datastream;https://citiobs.demo.secure-dimensions.de/staplus/v1.1/Observations(127410)/FeatureOfInterest;https://citiobs.demo.secure-dimensions.de/staplus/v1.1/Observations(127410)/Objects;https://citiobs.demo.secure-dimensions.de/staplus/v1.1/Observations(127410)/ObservationGroups;https://citiobs.demo.secure-dimensions.de/staplus/v1.1/Observations(127410)/Subjects
https://citiobs.demo.secure-dimensions.de/staplus/v1.1/Observations(127426);127426;2023-07-26T16:30:56Z;2023-07-26T16:30:56Z;27.4;https://citiobs.demo.secure-dimensions.de/staplus/v1.1/Observations(127426)/Datastream;https://citiobs.demo.secure-dimensions.de/staplus/v1.1/Observations(127426)/FeatureOfInterest;https://citiobs.demo.secure-dimensions.de/staplus/v1.1/Observations(127426)/Objects;https://citiobs.demo.secure-dimensions.de/staplus/v1.1/Observations(127426)/ObservationGroups;https://citiobs.demo.secure-dimensions.de/staplus/v1.1/Observations(127426)/Subjects
https://citiobs.demo.secure-dimensions.de/staplus/v1.1/Observations(127442);127442;2023-07-26T16:31:07Z;2023-07-26T16:31:07Z;27.4;https://citiobs.demo.secure-dimensions.de/staplus/v1.1/Observations(127442)/Datastream;https://citiobs.demo.secure-dimensions.de/staplus/v1.1/Observations(127442)/FeatureOfInterest;https://citiobs.demo.secure-dimensions.de/staplus/v1.1/Observations(127442)/Objects;https://citiobs.demo.secure-dimensions.de/staplus/v1.1/Observations(127442)/ObservationGroups;https://citiobs.demo.secure-dimensions.de/staplus/v1.1/Observations(127442)/Subjects
https://citiobs.demo.secure-dimensions.de/staplus/v1.1/Observations(127458);127458;2023-07-26T16:31:17Z;2023-07-26T16:31:17Z;27.45;https://citiobs.demo.secure-dimensions.de/staplus/v1.1/Observations(127458)/Datastream;https://citiobs.demo.secure-dimensions.de/staplus/v1.1/Observations(127458)/FeatureOfInterest;https://citiobs.demo.secure-dimensions.de/staplus/v1.1/Observations(127458)/Objects;https://citiobs.demo.secure-dimensions.de/staplus/v1.1/Observations(127458)/ObservationGroups;https://citiobs.demo.secure-dimensions.de/staplus/v1.1/Observations(127458)/Subjects
https://citiobs.demo.secure-dimensions.de/staplus/v1.1/Observations(127474);127474;2023-07-26T16:31:27Z;2023-07-26T16:31:27Z;27.46;https://citiobs.demo.secure-dimensions.de/staplus/v1.1/Observations(127474)/Datastream;https://citiobs.demo.secure-dimensions.de/staplus/v1.1/Observations(127474)/FeatureOfInterest;https://citiobs.demo.secure-dimensions.de/staplus/v1.1/Observations(127474)/Objects;https://citiobs.demo.secure-dimensions.de/staplus/v1.1/Observations(127474)/ObservationGroups;https://citiobs.demo.secure-dimensions.de/staplus/v1.1/Observations(127474)/Subjects
https://citiobs.demo.secure-dimensions.de/staplus/v1.1/Observations(127490);127490;2023-07-26T16:31:37Z;2023-07-26T16:31:37Z;27.43;https://citiobs.demo.secure-dimensions.de/staplus/v1.1/Observations(127490)/Datastream;https://citiobs.demo.secure-dimensions.de/staplus/v1.1/Observations(127490)/FeatureOfInterest;https://citiobs.demo.secure-dimensions.de/staplus/v1.1/Observations(127490)/Objects;https://citiobs.demo.secure-dimensions.de/staplus/v1.1/Observations(127490)/ObservationGroups;https://citiobs.demo.secure-dimensions.de/staplus/v1.1/Observations(127490)/Subjects
https://citiobs.demo.secure-dimensions.de/staplus/v1.1/Observations(127506);127506;2023-07-26T16:31:47Z;2023-07-26T16:31:47Z;27.45;https://citiobs.demo.secure-dimensions.de/staplus/v1.1/Observations(127506)/Datastream;https://citiobs.demo.secure-dimensions.de/staplus/v1.1/Observations(127506)/FeatureOfInterest;https://citiobs.demo.secure-dimensions.de/staplus/v1.1/Observations(127506)/Objects;https://citiobs.demo.secure-dimensions.de/staplus/v1.1/Observations(127506)/ObservationGroups;https://citiobs.demo.secure-dimensions.de/staplus/v1.1/Observations(127506)/Subjects
https://citiobs.demo.secure-dimensions.de/staplus/v1.1/Observations(127522);127522;2023-07-26T16:31:58Z;2023-07-26T16:31:58Z;27.53;https://citiobs.demo.secure-dimensions.de/staplus/v1.1/Observations(127522)/Datastream;https://citiobs.demo.secure-dimensions.de/staplus/v1.1/Observations(127522)/FeatureOfInterest;https://citiobs.demo.secure-dimensions.de/staplus/v1.1/Observations(127522)/Objects;https://citiobs.demo.secure-dimensions.de/staplus/v1.1/Observations(127522)/ObservationGroups;https://citiobs.demo.secure-dimensions.de/staplus/v1.1/Observations(127522)/Subjects
https://citiobs.demo.secure-dimensions.de/staplus/v1.1/Observations(127538);127538;2023-07-26T16:32:08Z;2023-07-26T16:32:08Z;27.52;https://citiobs.demo.secure-dimensions.de/staplus/v1.1/Observations(127538)/Datastream;https://citiobs.demo.secure-dimensions.de/staplus/v1.1/Observations(127538)/FeatureOfInterest;https://citiobs.demo.secure-dimensions.de/staplus/v1.1/Observations(127538)/Objects;https://citiobs.demo.secure-dimensions.de/staplus/v1.1/Observations(127538)/ObservationGroups;https://citiobs.demo.secure-dimensions.de/staplus/v1.1/Observations(127538)/Subjects
https://citiobs.demo.secure-dimensions.de/staplus/v1.1/Observations(127554);127554;2023-07-26T16:32:18Z;2023-07-26T16:32:18Z;27.5;https://citiobs.demo.secure-dimensions.de/staplus/v1.1/Observations(127554)/Datastream;https://citiobs.demo.secure-dimensions.de/staplus/v1.1/Observations(127554)/FeatureOfInterest;https://citiobs.demo.secure-dimensions.de/staplus/v1.1/Observations(127554)/Objects;https://citiobs.demo.secure-dimensions.de/staplus/v1.1/Observations(127554)/ObservationGroups;https://citiobs.demo.secure-dimensions.de/staplus/v1.1/Observations(127554)/Subjects
https://citiobs.demo.secure-dimensions.de/staplus/v1.1/Observations(127570);127570;2023-07-26T16:32:28Z;2023-07-26T16:32:28Z;27.52;https://citiobs.demo.secure-dimensions.de/staplus/v1.1/Observations(127570)/Datastream;https://citiobs.demo.secure-dimensions.de/staplus/v1.1/Observations(127570)/FeatureOfInterest;https://citiobs.demo.secure-dimensions.de/staplus/v1.1/Observations(127570)/Objects;https://citiobs.demo.secure-dimensions.de/staplus/v1.1/Observations(127570)/ObservationGroups;https://citiobs.demo.secure-dimensions.de/staplus/v1.1/Observations(127570)/Subjects
https://citiobs.demo.secure-dimensions.de/staplus/v1.1/Observations(127586);127586;2023-07-26T16:32:38Z;2023-07-26T16:32:38Z;27.5;https://citiobs.demo.secure-dimensions.de/staplus/v1.1/Observations(127586)/Datastream;https://citiobs.demo.secure-dimensions.de/staplus/v1.1/Observations(127586)/FeatureOfInterest;https://citiobs.demo.secure-dimensions.de/staplus/v1.1/Observations(127586)/Objects;https://citiobs.demo.secure-dimensions.de/staplus/v1.1/Observations(127586)/ObservationGroups;https://citiobs.demo.secure-dimensions.de/staplus/v1.1/Observations(127586)/Subjects
https://citiobs.demo.secure-dimensions.de/staplus/v1.1/Observations(127602);127602;2023-07-26T16:32:49Z;2023-07-26T16:32:49Z;27.5;https://citiobs.demo.secure-dimensions.de/staplus/v1.1/Observations(127602)/Datastream;https://citiobs.demo.secure-dimensions.de/staplus/v1.1/Observations(127602)/FeatureOfInterest;https://citiobs.demo.secure-dimensions.de/staplus/v1.1/Observations(127602)/Objects;https://citiobs.demo.secure-dimensions.de/staplus/v1.1/Observations(127602)/ObservationGroups;https://citiobs.demo.secure-dimensions.de/staplus/v1.1/Observations(127602)/Subjects
https://citiobs.demo.secure-dimensions.de/staplus/v1.1/Observations(127618);127618;2023-07-26T16:32:59Z;2023-07-26T16:32:59Z;27.58;https://citiobs.demo.secure-dimensions.de/staplus/v1.1/Observations(127618)/Datastream;https://citiobs.demo.secure-dimensions.de/staplus/v1.1/Observations(127618)/FeatureOfInterest;https://citiobs.demo.secure-dimensions.de/staplus/v1.1/Observations(127618)/Objects;https://citiobs.demo.secure-dimensions.de/staplus/v1.1/Observations(127618)/ObservationGroups;https://citiobs.demo.secure-dimensions.de/staplus/v1.1/Observations(127618)/Subjects
https://citiobs.demo.secure-dimensions.de/staplus/v1.1/Observations(127634);127634;2023-07-26T16:33:09Z;2023-07-26T16:33:09Z;27.6;https://citiobs.demo.secure-dimensions.de/staplus/v1.1/Observations(127634)/Datastream;https://citiobs.demo.secure-dimensions.de/staplus/v1.1/Observations(127634)/FeatureOfInterest;https://citiobs.demo.secure-dimensions.de/staplus/v1.1/Observations(127634)/Objects;https://citiobs.demo.secure-dimensions.de/staplus/v1.1/Observations(127634)/ObservationGroups;https://citiobs.demo.secure-dimensions.de/staplus/v1.1/Observations(127634)/Subjects
https://citiobs.demo.secure-dimensions.de/staplus/v1.1/Observations(127650);127650;2023-07-26T16:33:19Z;2023-07-26T16:33:19Z;27.63;https://citiobs.demo.secure-dimensions.de/staplus/v1.1/Observations(127650)/Datastream;https://citiobs.demo.secure-dimensions.de/staplus/v1.1/Observations(127650)/FeatureOfInterest;https://citiobs.demo.secure-dimensions.de/staplus/v1.1/Observations(127650)/Objects;https://citiobs.demo.secure-dimensions.de/staplus/v1.1/Observations(127650)/ObservationGroups;https://citiobs.demo.secure-dimensions.de/staplus/v1.1/Observations(127650)/Subjects
https://citiobs.demo.secure-dimensions.de/staplus/v1.1/Observations(127666);127666;2023-07-26T16:33:30Z;2023-07-26T16:33:30Z;27.62;https://citiobs.demo.secure-dimensions.de/staplus/v1.1/Observations(127666)/Datastream;https://citiobs.demo.secure-dimensions.de/staplus/v1.1/Observations(127666)/FeatureOfInterest;https://citiobs.demo.secure-dimensions.de/staplus/v1.1/Observations(127666)/Objects;https://citiobs.demo.secure-dimensions.de/staplus/v1.1/Observations(127666)/ObservationGroups;https://citiobs.demo.secure-dimensions.de/staplus/v1.1/Observations(127666)/Subjects
https://citiobs.demo.secure-dimensions.de/staplus/v1.1/Observations(127682);127682;2023-07-26T16:33:40Z;2023-07-26T16:33:40Z;27.62;https://citiobs.demo.secure-dimensions.de/staplus/v1.1/Observations(127682)/Datastream;https://citiobs.demo.secure-dimensions.de/staplus/v1.1/Observations(127682)/FeatureOfInterest;https://citiobs.demo.secure-dimensions.de/staplus/v1.1/Observations(127682)/Objects;https://citiobs.demo.secure-dimensions.de/staplus/v1.1/Observations(127682)/ObservationGroups;https://citiobs.demo.secure-dimensions.de/staplus/v1.1/Observations(127682)/Subjects
