@iot.selfLink;@iot.id;phenomenonTime;resultTime;result;result2;Datastream@iot.navigationLink;FeatureOfInterest@iot.navigationLink;Objects@iot.navigationLink;ObservationGroups@iot.navigationLink;Subjects@iot.navigationLink
https://citiobs.demo.secure-dimensions.de/staplus/v1.1/Observations(7805807);7805807;2023-07-26T16:15:15Z;2023-07-26T16:15:15Z;23.74;123.74;https://citiobs.demo.secure-dimensions.de/staplus/v1.1/Observations(7805807)/Datastream;https://citiobs.demo.secure-dimensions.de/staplus/v1.1/Observations(7805807)/FeatureOfInterest;https://citiobs.demo.secure-dimensions.de/staplus/v1.1/Observations(7805807)/Objects;https://citiobs.demo.secure-dimensions.de/staplus/v1.1/Observations(7805807)/ObservationGroups;https://citiobs.demo.secure-dimensions.de/staplus/v1.1/Observations(7805807)/Subjects
https://citiobs.demo.secure-dimensions.de/staplus/v1.1/Observations(7805823);7805823;2023-07-26T16:15:25Z;2023-07-26T16:15:25Z;23.74;123.74;https://citiobs.demo.secure-dimensions.de/staplus/v1.1/Observations(7805823)/Datastream;https://citiobs.demo.secure-dimensions.de/staplus/v1.1/Observations(7805823)/FeatureOfInterest;https://citiobs.demo.secure-dimensions.de/staplus/v1.1/Observations(7805823)/Objects;https://citiobs.demo.secure-dimensions.de/staplus/v1.1/Observations(7805823)/ObservationGroups;https://citiobs.demo.secure-dimensions.de/staplus/v1.1/Observations(7805823)/Subjects
https://citiobs.demo.secure-dimensions.de/staplus/v1.1/Observations(7805839);7805839;2023-07-26T16:15:35Z;2023-07-26T16:15:35Z;23.81;123.81;https://citiobs.demo.secure-dimensions.de/staplus/v1.1/Observations(7805839)/Datastream;https://citiobs.demo.secure-dimensions.de/staplus/v1.1/Observations(7805839)/FeatureOfInterest;https://citiobs.demo.secure-dimensions.de/staplus/v1.1/Observations(7805839)/Objects;https://citiobs.demo.secure-dimensions.de/staplus/v1.1/Observations(7805839)/ObservationGroups;https://citiobs.demo.secure-dimensions.de/staplus/v1.1/Observations(7805839)/Subjects
https://citiobs.demo.secure-dimensions.de/staplus/v1.1/Observations(7805855);7805855;2023-07-26T16:15:45Z;2023-07-26T16:15:45Z;23.8;123.8;https://citiobs.demo.secure-dimensions.de/staplus/v1.1/Observations(7805855)/Datastream;https://citiobs.demo.secure-dimensions.de/staplus/v1.1/Observations(7805855)/FeatureOfInterest;https://citiobs.demo.secure-dimensions.de/staplus/v1.1/Observations(7805855)/Objects;https://citiobs.demo.secure-dimensions.de/staplus/v1.1/Observations(7805855)/ObservationGroups;https://citiobs.demo.secure-dimensions.de/staplus/v1.1/Observations(7805855)/Subjects
https://citiobs.demo.secure-dimensions.de/staplus/v1.1/Observations(7805871);7805871;2023-07-26T16:15:56Z;2023-07-26T16:15:56Z;23.91;123.91;https://citiobs.demo.secure-dimensions.de/staplus/v1.1/Observations(7805871)/Datastream;https://citiobs.demo.secure-dimensions.de/staplus/v1.1/Observations(7805871)/FeatureOfInterest;https://citiobs.demo.secure-dimensions.de/staplus/v1.1/Observations(7805871)/Objects;https://citiobs.demo.secure-dimensions.de/staplus/v1.1/Observations(7805871)/ObservationGroups;https://citiobs.demo.secure-dimensions.de/staplus/v1.1/Observations(7805871)/Subjects
https://citiobs.demo.secure-dimensions.de/staplus/v1.1/Observations(7805887);7805887;2023-07-26T16:16:06Z;2023-07-26T16:16:06Z;24.16;124.16;https://citiobs.demo.secure-dimensions.de/staplus/v1.1/Observations(7805887)/Datastream;https://citiobs.demo.secure-dimensions.de/staplus/v1.1/Observations(7805887)/FeatureOfInterest;https://citiobs.demo.secure-dimensions.de/staplus/v1.1/Observations(7805887)/Objects;https://citiobs.demo.secure-dimensions.de/staplus/v1.1/Observations(7805887)/ObservationGroups;https://citiobs.demo.secure-dimensions.de/staplus/v1.1/Observations(7805887)/Subjects
https://citiobs.demo.secure-dimensions.de/staplus/v1.1/Observations(7805903);7805903;2023-07-26T16:16:16Z;2023-07-26T16:16:16Z;24.12;124.12;https://citiobs.demo.secure-dimensions.de/staplus/v1.1/Observations(7805903)/Datastream;https://citiobs.demo.secure-dimensions.de/staplus/v1.1/Observations(7805903)/FeatureOfInterest;https://citiobs.demo.secure-dimensions.de/staplus/v1.1/Observations(7805903)/Objects;https://citiobs.demo.secure-dimensions.de/staplus/v1.1/Observations(7805903)/ObservationGroups;https://citiobs.demo.secure-dimensions.de/staplus/v1.1/Observations(7805903)/Subjects
https://citiobs.demo.secure-dimensions.de/staplus/v1.1/Observations(7805919);7805919;2023-07-26T16:16:26Z;2023-07-26T16:16:26Z;24.11;124.11;https://citiobs.demo.secure-dimensions.de/staplus/v1.1/Observations(7805919)/Datastream;https://citiobs.demo.secure-dimensions.de/staplus/v1.1/Observations(7805919)/FeatureOfInterest;https://citiobs.demo.secure-dimensions.de/staplus/v1.1/Observations(7805919)/Objects;https://citiobs.demo.secure-dimensions.de/staplus/v1.1/Observations(7805919)/ObservationGroups;https://citiobs.demo.secure-dimensions.de/staplus/v1.1/Observations(7805919)/Subjects
https://citiobs.demo.secure-dimensions.de/staplus/v1.1/Observations(7805935);7805935;2023-07-26T16:16:36Z;2023-07-26T16:16:36Z;24.09;124.09;https://citiobs.demo.secure-dimensions.de/staplus/v1.1/Observations(7805935)/Datastream;https://citiobs.demo.secure-dimensions.de/staplus/v1.1/Observations(7805935)/FeatureOfInterest;https://citiobs.demo.secure-dimensions.de/staplus/v1.1/Observations(7805935)/Objects;https://citiobs.demo.secure-dimensions.de/staplus/v1.1/Observations(7805935)/ObservationGroups;https://citiobs.demo.secure-dimensions.de/staplus/v1.1/Observations(7805935)/Subjects
https://citiobs.demo.secure-dimensions.de/staplus/v1.1/Observations(7805951);7805951;2023-07-26T16:16:47Z;2023-07-26T16:16:47Z;24.12;124.12;https://citiobs.demo.secure-dimensions.de/staplus/v1.1/Observations(7805951)/Datastream;https://citiobs.demo.secure-dimensions.de/staplus/v1.1/Observations(7805951)/FeatureOfInterest;https://citiobs.demo.secure-dimensions.de/staplus/v1.1/Observations(7805951)/Objects;https://citiobs.demo.secure-dimensions.de/staplus/v1.1/Observations(7805951)/ObservationGroups;https://citiobs.demo.secure-dimensions.de/staplus/v1.1/Observations(7805951)/Subjects
https://citiobs.demo.secure-dimensions.de/staplus/v1.1/Observations(7805967);7805967;2023-07-26T16:16:57Z;2023-07-26T16:16:57Z;24.09;124.09;https://citiobs.demo.secure-dimensions.de/staplus/v1.1/Observations(7805967)/Datastream;https://citiobs.demo.secure-dimensions.de/staplus/v1.1/Observations(7805967)/FeatureOfInterest;https://citiobs.demo.secure-dimensions.de/staplus/v1.1/Observations(7805967)/Objects;https://citiobs.demo.secure-dimensions.de/staplus/v1.1/Observations(7805967)/ObservationGroups;https://citiobs.demo.secure-dimensions.de/staplus/v1.1/Observations(7805967)/Subjects
https://citiobs.demo.secure-dimensions.de/staplus/v1.1/Observations(7805983);7805983;2023-07-26T16:17:07Z;2023-07-26T16:17:07Z;24.05;124.05;https://citiobs.demo.secure-dimensions.de/staplus/v1.1/Observations(7805983)/Datastream;https://citiobs.demo.secure-dimensions.de/staplus/v1.1/Observations(7805983)/FeatureOfInterest;https://citiobs.demo.secure-dimensions.de/staplus/v1.1/Observations(7805983)/Objects;https://citiobs.demo.secure-dimensions.de/staplus/v1.1/Observations(7805983)/ObservationGroups;https://citiobs.demo.secure-dimensions.de/staplus/v1.1/Observations(7805983)/Subjects
https://citiobs.demo.secure-dimensions.de/staplus/v1.1/Observations(7805999);7805999;2023-07-26T16:17:17Z;2023-07-26T16:17:17Z;23.97;123.97;https://citiobs.demo.secure-dimensions.de/staplus/v1.1/Observations(7805999)/Datastream;https://citiobs.demo.secure-dimensions.de/staplus/v1.1/Observations(7805999)/FeatureOfInterest;https://citiobs.demo.secure-dimensions.de/staplus/v1.1/Observations(7805999)/Objects;https://citiobs.demo.secure-dimensions.de/staplus/v1.1/Observations(7805999)/ObservationGroups;https://citiobs.demo.secure-dimensions.de/staplus/v1.1/Observations(7805999)/Subjects
https://citiobs.demo.secure-dimensions.de/staplus/v1.1/Observations(7806015);7806015;2023-07-26T16:17:27Z;2023-07-26T16:17:27Z;23.95;123.95;https://citiobs.demo.secure-dimensions.de/staplus/v1.1/Observations(7806015)/Datastream;https://citiobs.demo.secure-dimensions.de/staplus/v1.1/Observations(7806015)/FeatureOfInterest;https://citiobs.demo.secure-dimensions.de/staplus/v1.1/Observations(7806015)/Objects;https://citiobs.demo.secure-dimensions.de/staplus/v1.1/Observations(7806015)/ObservationGroups;https://citiobs.demo.secure-dimensions.de/staplus/v1.1/Observations(7806015)/Subjects
https://citiobs.demo.secure-dimensions.de/staplus/v1.1/Observations(7806031);7806031;2023-07-26T16:19:11Z;2023-07-26T16:19:11Z;23.89;123.89;https://citiobs.demo.secure-dimensions.de/staplus/v1.1/Observations(7806031)/Datastream;https://citiobs.demo.secure-dimensions.de/staplus/v1.1/Observations(7806031)/FeatureOfInterest;https://citiobs.demo.secure-dimensions.de/staplus/v1.1/Observations(7806031)/Objects;https://citiobs.demo.secure-dimensions.de/staplus/v1.1/Observations(7806031)/ObservationGroups;https://citiobs.demo.secure-dimensions.de/staplus/v1.1/Observations(7806031)/Subjects
https://citiobs.demo.secure-dimensions.de/staplus/v1.1/Observations(7806047);7806047;2023-07-26T16:19:21Z;2023-07-26T16:19:21Z;23.87;123.87;https://citiobs.demo.secure-dimensions.de/staplus/v1.1/Observations(7806047)/Datastream;https://citiobs.demo.secure-dimensions.de/staplus/v1.1/Observations(7806047)/FeatureOfInterest;https://citiobs.demo.secure-dimensions.de/staplus/v1.1/Observations(7806047)/Objects;https://citiobs.demo.secure-dimensions.de/staplus/v1.1/Observations(7806047)/ObservationGroups;https://citiobs.demo.secure-dimensions.de/staplus/v1.1/Observations(7806047)/Subjects
https://citiobs.demo.secure-dimensions.de/staplus/v1.1/Observations(7806063);7806063;2023-07-26T16:19:31Z;2023-07-26T16:19:31Z;23.81;123.81;https://citiobs.demo.secure-dimensions.de/staplus/v1.1/Observations(7806063)/Datastream;https://citiobs.demo.secure-dimensions.de/staplus/v1.1/Observations(7806063)/FeatureOfInterest;https://citiobs.demo.secure-dimensions.de/staplus/v1.1/Observations(7806063)/Objects;https://citiobs.demo.secure-dimensions.de/staplus/v1.1/Observations(7806063)/ObservationGroups;https://citiobs.demo.secure-dimensions.de/staplus/v1.1/Observations(7806063)/Subjects
https://citiobs.demo.secure-dimensions.de/staplus/v1.1/Observations(7806079);7806079;2023-07-26T16:19:42Z;2023-07-26T16:19:42Z;23.77;123.77;https://citiobs.demo.secure-dimensions.de/staplus/v1.1/Observations(7806079)/Datastream;https://citiobs.demo.secure-dimensions.de/staplus/v1.1/Observations(7806079)/FeatureOfInterest;https://citiobs.demo.secure-dimensions.de/staplus/v1.1/Observations(7806079)/Objects;https://citiobs.demo.secure-dimensions.de/staplus/v1.1/Observations(7806079)/ObservationGroups;https://citiobs.demo.secure-dimensions.de/staplus/v1.1/Observations(7806079)/Subjects
https://citiobs.demo.secure-dimensions.de/staplus/v1.1/Observations(7806095);7806095;2023-07-26T16:19:52Z;2023-07-26T16:19:52Z;23.81;123.81;https://citiobs.demo.secure-dimensions.de/staplus/v1.1/Observations(7806095)/Datastream;https://citiobs.demo.secure-dimensions.de/staplus/v1.1/Observations(7806095)/FeatureOfInterest;https://citiobs.demo.secure-dimensions.de/staplus/v1.1/Observations(7806095)/Objects;https://citiobs.demo.secure-dimensions.de/staplus/v1.1/Observations(7806095)/ObservationGroups;https://citiobs.demo.secure-dimensions.de/staplus/v1.1/Observations(7806095)/Subjects
https://citiobs.demo.secure-dimensions.de/staplus/v1.1/Observations(7806111);7806111;2023-07-26T16:20:02Z;2023-07-26T16:20:02Z;23.95;123.95;https://citiobs.demo.secure-dimensions.de/staplus/v1.1/Observations(7806111)/Datastream;https://citiobs.demo.secure-dimensions.de/staplus/v1.1/Observations(7806111)/FeatureOfInterest;https://citiobs.demo.secure-dimensions.de/staplus/v1.1/Observations(7806111)/Objects;https://citiobs.demo.secure-dimensions.de/staplus/v1.1/Observations(7806111)/ObservationGroups;https://citiobs.demo.secure-dimensions.de/staplus/v1.1/Observations(7806111)/Subjects
https://citiobs.demo.secure-dimensions.de/staplus/v1.1/Observations(7806127);7806127;2023-07-26T16:20:12Z;2023-07-26T16:20:12Z;24.09;124.09;https://citiobs.demo.secure-dimensions.de/staplus/v1.1/Observations(7806127)/Datastream;https://citiobs.demo.secure-dimensions.de/staplus/v1.1/Observations(7806127)/FeatureOfInterest;https://citiobs.demo.secure-dimensions.de/staplus/v1.1/Observations(7806127)/Objects;https://citiobs.demo.secure-dimensions.de/staplus/v1.1/Observations(7806127)/ObservationGroups;https://citiobs.demo.secure-dimensions.de/staplus/v1.1/Observations(7806127)/Subjects
https://citiobs.demo.secure-dimensions.de/staplus/v1.1/Observations(7806143);7806143;2023-07-26T16:20:23Z;2023-07-26T16:20:23Z;24.19;124.19;https://citiobs.demo.secure-dimensions.de/staplus/v1.1/Observations(7806143)/Datastream;https://citiobs.demo.secure-dimensions.de/staplus/v1.1/Observations(7806143)/FeatureOfInterest;https://citiobs.demo.secure-dimensions.de/staplus/v1.1/Observations(7806143)/Objects;https://citiobs.demo.secure-dimensions.de/staplus/v1.1/Observations(7806143)/ObservationGroups;https://citiobs.demo.secure-dimensions.de/staplus/v1.1/Observations(7806143)/Subjects
https://citiobs.demo.secure-dimensions.de/staplus/v1.1/Observations(7806159);7806159;2023-07-26T16:20:33Z;2023-07-26T16:20:33Z;24.24;124.24;https://citiobs.demo.secure-dimensions.de/staplus/v1.1/Observations(7806159)/Datastream;https://citiobs.demo.secure-dimensions.de/staplus/v1.1/Observations(7806159)/FeatureOfInterest;https://citiobs.demo.secure-dimensions.de/staplus/v1.1/Observations(7806159)/Objects;https://citiobs.demo.secure-dimensions.de/staplus/v1.1/Observations(7806159)/ObservationGroups;https://citiobs.demo.secure-dimensions.de/staplus/v1.1/Observations(7806159)/Subjects
https://citiobs.demo.secure-dimensions.de/staplus/v1.1/Observations(7806175);7806175;2023-07-26T16:20:43Z;2023-07-26T16:20:43Z;24.24;124.24;https://citiobs.demo.secure-dimensions.de/staplus/v1.1/Observations(7806175)/Datastream;https://citiobs.demo.secure-dimensions.de/staplus/v1.1/Observations(7806175)/FeatureOfInterest;https://citiobs.demo.secure-dimensions.de/staplus/v1.1/Observations(7806175)/Objects;https://citiobs.demo.secure-dimensions.de/staplus/v1.1/Observations(7806175)/ObservationGroups;https://citiobs.demo.secure-dimensions.de/staplus/v1.1/Observations(7806175)/Subjects
https://citiobs.demo.secure-dimensions.de/staplus/v1.1/Observations(7806191);7806191;2023-07-26T16:20:53Z;2023-07-26T16:20:53Z;24.24;124.24;https://citiobs.demo.secure-dimensions.de/staplus/v1.1/Observations(7806191)/Datastream;https://citiobs.demo.secure-dimensions.de/staplus/v1.1/Observations(7806191)/FeatureOfInterest;https://citiobs.demo.secure-dimensions.de/staplus/v1.1/Observations(7806191)/Objects;https://citiobs.demo.secure-dimensions.de/staplus/v1.1/Observations(7806191)/ObservationGroups;https://citiobs.demo.secure-dimensions.de/staplus/v1.1/Observations(7806191)/Subjects
https://citiobs.demo.secure-dimensions.de/staplus/v1.1/Observations(7806207);7806207;2023-07-26T16:21:03Z;2023-07-26T16:21:03Z;24.26;124.26;https://citiobs.demo.secure-dimensions.de/staplus/v1.1/Observations(7806207)/Datastream;https://citiobs.demo.secure-dimensions.de/staplus/v1.1/Observations(7806207)/FeatureOfInterest;https://citiobs.demo.secure-dimensions.de/staplus/v1.1/Observations(7806207)/Objects;https://citiobs.demo.secure-dimensions.de/staplus/v1.1/Observations(7806207)/ObservationGroups;https://citiobs.demo.secure-dimensions.de/staplus/v1.1/Observations(7806207)/Subjects
https://citiobs.demo.secure-dimensions.de/staplus/v1.1/Observations(7806223);7806223;2023-07-26T16:21:14Z;2023-07-26T16:21:14Z;24.29;124.29;https://citiobs.demo.secure-dimensions.de/staplus/v1.1/Observations(7806223)/Datastream;https://citiobs.demo.secure-dimensions.de/staplus/v1.1/Observations(7806223)/FeatureOfInterest;https://citiobs.demo.secure-dimensions.de/staplus/v1.1/Observations(7806223)/Objects;https://citiobs.demo.secure-dimensions.de/staplus/v1.1/Observations(7806223)/ObservationGroups;https://citiobs.demo.secure-dimensions.de/staplus/v1.1/Observations(7806223)/Subjects
https://citiobs.demo.secure-dimensions.de/staplus/v1.1/Observations(7806239);7806239;2023-07-26T16:21:24Z;2023-07-26T16:21:24Z;24.26;124.26;https://citiobs.demo.secure-dimensions.de/staplus/v1.1/Observations(7806239)/Datastream;https://citiobs.demo.secure-dimensions.de/staplus/v1.1/Observations(7806239)/FeatureOfInterest;https://citiobs.demo.secure-dimensions.de/staplus/v1.1/Observations(7806239)/Objects;https://citiobs.demo.secure-dimensions.de/staplus/v1.1/Observations(7806239)/ObservationGroups;https://citiobs.demo.secure-dimensions.de/staplus/v1.1/Observations(7806239)/Subjects
https://citiobs.demo.secure-dimensions.de/staplus/v1.1/Observations(7806255);7806255;2023-07-26T16:21:34Z;2023-07-26T16:21:34Z;24.28;124.28;https://citiobs.demo.secure-dimensions.de/staplus/v1.1/Observations(7806255)/Datastream;https://citiobs.demo.secure-dimensions.de/staplus/v1.1/Observations(7806255)/FeatureOfInterest;https://citiobs.demo.secure-dimensions.de/staplus/v1.1/Observations(7806255)/Objects;https://citiobs.demo.secure-dimensions.de/staplus/v1.1/Observations(7806255)/ObservationGroups;https://citiobs.demo.secure-dimensions.de/staplus/v1.1/Observations(7806255)/Subjects
https://citiobs.demo.secure-dimensions.de/staplus/v1.1/Observations(7806271);7806271;2023-07-26T16:21:44Z;2023-07-26T16:21:44Z;24.28;124.28;https://citiobs.demo.secure-dimensions.de/staplus/v1.1/Observations(7806271)/Datastream;https://citiobs.demo.secure-dimensions.de/staplus/v1.1/Observations(7806271)/FeatureOfInterest;https://citiobs.demo.secure-dimensions.de/staplus/v1.1/Observations(7806271)/Objects;https://citiobs.demo.secure-dimensions.de/staplus/v1.1/Observations(7806271)/ObservationGroups;https://citiobs.demo.secure-dimensions.de/staplus/v1.1/Observations(7806271)/Subjects
https://citiobs.demo.secure-dimensions.de/staplus/v1.1/Observations(7806287);7806287;2023-07-26T16:21:55Z;2023-07-26T16:21:55Z;24.32;124.32;https://citiobs.demo.secure-dimensions.de/staplus/v1.1/Observations(7806287)/Datastream;https://citiobs.demo.secure-dimensions.de/staplus/v1.1/Observations(7806287)/FeatureOfInterest;https://citiobs.demo.secure-dimensions.de/staplus/v1.1/Observations(7806287)/Objects;https://citiobs.demo.secure-dimensions.de/staplus/v1.1/Observations(7806287)/ObservationGroups;https://citiobs.demo.secure-dimensions.de/staplus/v1.1/Observations(7806287)/Subjects
https://citiobs.demo.secure-dimensions.de/staplus/v1.1/Observations(7806303);7806303;2023-07-26T16:22:05Z;2023-07-26T16:22:05Z;24.32;124.32;https://citiobs.demo.secure-dimensions.de/staplus/v1.1/Observations(7806303)/Datastream;https://citiobs.demo.secure-dimensions.de/staplus/v1.1/Observations(7806303)/FeatureOfInterest;https://citiobs.demo.secure-dimensions.de/staplus/v1.1/Observations(7806303)/Objects;https://citiobs.demo.secure-dimensions.de/staplus/v1.1/Observations(7806303)/ObservationGroups;https://citiobs.demo.secure-dimensions.de/staplus/v1.1/Observations(7806303)/Subjects
https://citiobs.demo.secure-dimensions.de/staplus/v1.1/Observations(7806319);7806319;2023-07-26T16:22:15Z;2023-07-26T16:22:15Z;24.31;124.31;https://citiobs.demo.secure-dimensions.de/staplus/v1.1/Observations(7806319)/Datastream;https://citiobs.demo.secure-dimensions.de/staplus/v1.1/Observations(7806319)/FeatureOfInterest;https://citiobs.demo.secure-dimensions.de/staplus/v1.1/Observations(7806319)/Objects;https://citiobs.demo.secure-dimensions.de/staplus/v1.1/Observations(7806319)/ObservationGroups;https://citiobs.demo.secure-dimensions.de/staplus/v1.1/Observations(7806319)/Subjects
https://citiobs.demo.secure-dimensions.de/staplus/v1.1/Observations(7806335);7806335;2023-07-26T16:22:25Z;2023-07-26T16:22:25Z;24.31;124.31;https://citiobs.demo.secure-dimensions.de/staplus/v1.1/Observations(7806335)/Datastream;https://citiobs.demo.secure-dimensions.de/staplus/v1.1/Observations(7806335)/FeatureOfInterest;https://citiobs.demo.secure-dimensions.de/staplus/v1.1/Observations(7806335)/Objects;https://citiobs.demo.secure-dimensions.de/staplus/v1.1/Observations(7806335)/ObservationGroups;https://citiobs.demo.secure-dimensions.de/staplus/v1.1/Observations(7806335)/Subjects
https://citiobs.demo.secure-dimensions.de/staplus/v1.1/Observations(7806351);7806351;2023-07-26T16:22:35Z;2023-07-26T16:22:35Z;24.28;124.28;https://citiobs.demo.secure-dimensions.de/staplus/v1.1/Observations(7806351)/Datastream;https://citiobs.demo.secure-dimensions.de/staplus/v1.1/Observations(7806351)/FeatureOfInterest;https://citiobs.demo.secure-dimensions.de/staplus/v1.1/Observations(7806351)/Objects;https://citiobs.demo.secure-dimensions.de/staplus/v1.1/Observations(7806351)/ObservationGroups;https://citiobs.demo.secure-dimensions.de/staplus/v1.1/Observations(7806351)/Subjects
https://citiobs.demo.secure-dimensions.de/staplus/v1.1/Observations(7806367);7806367;2023-07-26T16:22:46Z;2023-07-26T16:22:46Z;24.29;124.29;https://citiobs.demo.secure-dimensions.de/staplus/v1.1/Observations(7806367)/Datastream;https://citiobs.demo.secure-dimensions.de/staplus/v1.1/Observations(7806367)/FeatureOfInterest;https://citiobs.demo.secure-dimensions.de/staplus/v1.1/Observations(7806367)/Objects;https://citiobs.demo.secure-dimensions.de/staplus/v1.1/Observations(7806367)/ObservationGroups;https://citiobs.demo.secure-dimensions.de/staplus/v1.1/Observations(7806367)/Subjects
https://citiobs.demo.secure-dimensions.de/staplus/v1.1/Observations(7806383);7806383;2023-07-26T16:22:56Z;2023-07-26T16:22:56Z;24.29;124.29;https://citiobs.demo.secure-dimensions.de/staplus/v1.1/Observations(7806383)/Datastream;https://citiobs.demo.secure-dimensions.de/staplus/v1.1/Observations(7806383)/FeatureOfInterest;https://citiobs.demo.secure-dimensions.de/staplus/v1.1/Observations(7806383)/Objects;https://citiobs.demo.secure-dimensions.de/staplus/v1.1/Observations(7806383)/ObservationGroups;https://citiobs.demo.secure-dimensions.de/staplus/v1.1/Observations(7806383)/Subjects
https://citiobs.demo.secure-dimensions.de/staplus/v1.1/Observations(7806399);7806399;2023-07-26T16:23:06Z;2023-07-26T16:23:06Z;24.28;124.28;https://citiobs.demo.secure-dimensions.de/staplus/v1.1/Observations(7806399)/Datastream;https://citiobs.demo.secure-dimensions.de/staplus/v1.1/Observations(7806399)/FeatureOfInterest;https://citiobs.demo.secure-dimensions.de/staplus/v1.1/Observations(7806399)/Objects;https://citiobs.demo.secure-dimensions.de/staplus/v1.1/Observations(7806399)/ObservationGroups;https://citiobs.demo.secure-dimensions.de/staplus/v1.1/Observations(7806399)/Subjects
https://citiobs.demo.secure-dimensions.de/staplus/v1.1/Observations(7806415);7806415;2023-07-26T16:23:16Z;2023-07-26T16:23:16Z;24.31;124.31;https://citiobs.demo.secure-dimensions.de/staplus/v1.1/Observations(7806415)/Datastream;https://citiobs.demo.secure-dimensions.de/staplus/v1.1/Observations(7806415)/FeatureOfInterest;https://citiobs.demo.secure-dimensions.de/staplus/v1.1/Observations(7806415)/Objects;https://citiobs.demo.secure-dimensions.de/staplus/v1.1/Observations(7806415)/ObservationGroups;https://citiobs.demo.secure-dimensions.de/staplus/v1.1/Observations(7806415)/Subjects
https://citiobs.demo.secure-dimensions.de/staplus/v1.1/Observations(7806431);7806431;2023-07-26T16:23:27Z;2023-07-26T16:23:27Z;24.4;124.4;https://citiobs.demo.secure-dimensions.de/staplus/v1.1/Observations(7806431)/Datastream;https://citiobs.demo.secure-dimensions.de/staplus/v1.1/Observations(7806431)/FeatureOfInterest;https://citiobs.demo.secure-dimensions.de/staplus/v1.1/Observations(7806431)/Objects;https://citiobs.demo.secure-dimensions.de/staplus/v1.1/Observations(7806431)/ObservationGroups;https://citiobs.demo.secure-dimensions.de/staplus/v1.1/Observations(7806431)/Subjects
https://citiobs.demo.secure-dimensions.de/staplus/v1.1/Observations(7806447);7806447;2023-07-26T16:23:37Z;2023-07-26T16:23:37Z;24.49;124.49;https://citiobs.demo.secure-dimensions.de/staplus/v1.1/Observations(7806447)/Datastream;https://citiobs.demo.secure-dimensions.de/staplus/v1.1/Observations(7806447)/FeatureOfInterest;https://citiobs.demo.secure-dimensions.de/staplus/v1.1/Observations(7806447)/Objects;https://citiobs.demo.secure-dimensions.de/staplus/v1.1/Observations(7806447)/ObservationGroups;https://citiobs.demo.secure-dimensions.de/staplus/v1.1/Observations(7806447)/Subjects
https://citiobs.demo.secure-dimensions.de/staplus/v1.1/Observations(7806463);7806463;2023-07-26T16:23:47Z;2023-07-26T16:23:47Z;24.55;124.55;https://citiobs.demo.secure-dimensions.de/staplus/v1.1/Observations(7806463)/Datastream;https://citiobs.demo.secure-dimensions.de/staplus/v1.1/Observations(7806463)/FeatureOfInterest;https://citiobs.demo.secure-dimensions.de/staplus/v1.1/Observations(7806463)/Objects;https://citiobs.demo.secure-dimensions.de/staplus/v1.1/Observations(7806463)/ObservationGroups;https://citiobs.demo.secure-dimensions.de/staplus/v1.1/Observations(7806463)/Subjects
https://citiobs.demo.secure-dimensions.de/staplus/v1.1/Observations(7806477);7806477;2023-07-26T16:23:57Z;2023-07-26T16:23:57Z;24.52;124.52;https://citiobs.demo.secure-dimensions.de/staplus/v1.1/Observations(7806477)/Datastream;https://citiobs.demo.secure-dimensions.de/staplus/v1.1/Observations(7806477)/FeatureOfInterest;https://citiobs.demo.secure-dimensions.de/staplus/v1.1/Observations(7806477)/Objects;https://citiobs.demo.secure-dimensions.de/staplus/v1.1/Observations(7806477)/ObservationGroups;https://citiobs.demo.secure-dimensions.de/staplus/v1.1/Observations(7806477)/Subjects
https://citiobs.demo.secure-dimensions.de/staplus/v1.1/Observations(7806487);7806487;2023-07-26T16:24:07Z;2023-07-26T16:24:07Z;24.57;124.57;https://citiobs.demo.secure-dimensions.de/staplus/v1.1/Observations(7806487)/Datastream;https://citiobs.demo.secure-dimensions.de/staplus/v1.1/Observations(7806487)/FeatureOfInterest;https://citiobs.demo.secure-dimensions.de/staplus/v1.1/Observations(7806487)/Objects;https://citiobs.demo.secure-dimensions.de/staplus/v1.1/Observations(7806487)/ObservationGroups;https://citiobs.demo.secure-dimensions.de/staplus/v1.1/Observations(7806487)/Subjects
https://citiobs.demo.secure-dimensions.de/staplus/v1.1/Observations(7806503);7806503;2023-07-26T16:24:18Z;2023-07-26T16:24:18Z;24.64;124.64;https://citiobs.demo.secure-dimensions.de/staplus/v1.1/Observations(7806503)/Datastream;https://citiobs.demo.secure-dimensions.de/staplus/v1.1/Observations(7806503)/FeatureOfInterest;https://citiobs.demo.secure-dimensions.de/staplus/v1.1/Observations(7806503)/Objects;https://citiobs.demo.secure-dimensions.de/staplus/v1.1/Observations(7806503)/ObservationGroups;https://citiobs.demo.secure-dimensions.de/staplus/v1.1/Observations(7806503)/Subjects
https://citiobs.demo.secure-dimensions.de/staplus/v1.1/Observations(7806519);7806519;2023-07-26T16:24:28Z;2023-07-26T16:24:28Z;24.69;124.69;https://citiobs.demo.secure-dimensions.de/staplus/v1.1/Observations(7806519)/Datastream;https://citiobs.demo.secure-dimensions.de/staplus/v1.1/Observations(7806519)/FeatureOfInterest;https://citiobs.demo.secure-dimensions.de/staplus/v1.1/Observations(7806519)/Objects;https://citiobs.demo.secure-dimensions.de/staplus/v1.1/Observations(7806519)/ObservationGroups;https://citiobs.demo.secure-dimensions.de/staplus/v1.1/Observations(7806519)/Subjects
https://citiobs.demo.secure-dimensions.de/staplus/v1.1/Observations(7806535);7806535;2023-07-26T16:24:38Z;2023-07-26T16:24:38Z;24.69;124.69;https://citiobs.demo.secure-dimensions.de/staplus/v1.1/Observations(7806535)/Datastream;https://citiobs.demo.secure-dimensions.de/staplus/v1.1/Observations(7806535)/FeatureOfInterest;https://citiobs.demo.secure-dimensions.de/staplus/v1.1/Observations(7806535)/Objects;https://citiobs.demo.secure-dimensions.de/staplus/v1.1/Observations(7806535)/ObservationGroups;https://citiobs.demo.secure-dimensions.de/staplus/v1.1/Observations(7806535)/Subjects
https://citiobs.demo.secure-dimensions.de/staplus/v1.1/Observations(7806551);7806551;2023-07-26T16:24:48Z;2023-07-26T16:24:48Z;24.74;124.74;https://citiobs.demo.secure-dimensions.de/staplus/v1.1/Observations(7806551)/Datastream;https://citiobs.demo.secure-dimensions.de/staplus/v1.1/Observations(7806551)/FeatureOfInterest;https://citiobs.demo.secure-dimensions.de/staplus/v1.1/Observations(7806551)/Objects;https://citiobs.demo.secure-dimensions.de/staplus/v1.1/Observations(7806551)/ObservationGroups;https://citiobs.demo.secure-dimensions.de/staplus/v1.1/Observations(7806551)/Subjects
https://citiobs.demo.secure-dimensions.de/staplus/v1.1/Observations(7806567);7806567;2023-07-26T16:24:59Z;2023-07-26T16:24:59Z;24.8;124.8;https://citiobs.demo.secure-dimensions.de/staplus/v1.1/Observations(7806567)/Datastream;https://citiobs.demo.secure-dimensions.de/staplus/v1.1/Observations(7806567)/FeatureOfInterest;https://citiobs.demo.secure-dimensions.de/staplus/v1.1/Observations(7806567)/Objects;https://citiobs.demo.secure-dimensions.de/staplus/v1.1/Observations(7806567)/ObservationGroups;https://citiobs.demo.secure-dimensions.de/staplus/v1.1/Observations(7806567)/Subjects
https://citiobs.demo.secure-dimensions.de/staplus/v1.1/Observations(7806583);7806583;2023-07-26T16:25:09Z;2023-07-26T16:25:09Z;24.84;124.84;https://citiobs.demo.secure-dimensions.de/staplus/v1.1/Observations(7806583)/Datastream;https://citiobs.demo.secure-dimensions.de/staplus/v1.1/Observations(7806583)/FeatureOfInterest;https://citiobs.demo.secure-dimensions.de/staplus/v1.1/Observations(7806583)/Objects;https://citiobs.demo.secure-dimensions.de/staplus/v1.1/Observations(7806583)/ObservationGroups;https://citiobs.demo.secure-dimensions.de/staplus/v1.1/Observations(7806583)/Subjects
https://citiobs.demo.secure-dimensions.de/staplus/v1.1/Observations(7806599);7806599;2023-07-26T16:25:19Z;2023-07-26T16:25:19Z;24.88;124.88;https://citiobs.demo.secure-dimensions.de/staplus/v1.1/Observations(7806599)/Datastream;https://citiobs.demo.secure-dimensions.de/staplus/v1.1/Observations(7806599)/FeatureOfInterest;https://citiobs.demo.secure-dimensions.de/staplus/v1.1/Observations(7806599)/Objects;https://citiobs.demo.secure-dimensions.de/staplus/v1.1/Observations(7806599)/ObservationGroups;https://citiobs.demo.secure-dimensions.de/staplus/v1.1/Observations(7806599)/Subjects
https://citiobs.demo.secure-dimensions.de/staplus/v1.1/Observations(7806615);7806615;2023-07-26T16:25:29Z;2023-07-26T16:25:29Z;24.91;124.91;https://citiobs.demo.secure-dimensions.de/staplus/v1.1/Observations(7806615)/Datastream;https://citiobs.demo.secure-dimensions.de/staplus/v1.1/Observations(7806615)/FeatureOfInterest;https://citiobs.demo.secure-dimensions.de/staplus/v1.1/Observations(7806615)/Objects;https://citiobs.demo.secure-dimensions.de/staplus/v1.1/Observations(7806615)/ObservationGroups;https://citiobs.demo.secure-dimensions.de/staplus/v1.1/Observations(7806615)/Subjects
https://citiobs.demo.secure-dimensions.de/staplus/v1.1/Observations(7806631);7806631;2023-07-26T16:25:39Z;2023-07-26T16:25:39Z;24.88;124.88;https://citiobs.demo.secure-dimensions.de/staplus/v1.1/Observations(7806631)/Datastream;https://citiobs.demo.secure-dimensions.de/staplus/v1.1/Observations(7806631)/FeatureOfInterest;https://citiobs.demo.secure-dimensions.de/staplus/v1.1/Observations(7806631)/Objects;https://citiobs.demo.secure-dimensions.de/staplus/v1.1/Observations(7806631)/ObservationGroups;https://citiobs.demo.secure-dimensions.de/staplus/v1.1/Observations(7806631)/Subjects
https://citiobs.demo.secure-dimensions.de/staplus/v1.1/Observations(7806647);7806647;2023-07-26T16:25:50Z;2023-07-26T16:25:50Z;24.92;124.92;https://citiobs.demo.secure-dimensions.de/staplus/v1.1/Observations(7806647)/Datastream;https://citiobs.demo.secure-dimensions.de/staplus/v1.1/Observations(7806647)/FeatureOfInterest;https://citiobs.demo.secure-dimensions.de/staplus/v1.1/Observations(7806647)/Objects;https://citiobs.demo.secure-dimensions.de/staplus/v1.1/Observations(7806647)/ObservationGroups;https://citiobs.demo.secure-dimensions.de/staplus/v1.1/Observations(7806647)/Subjects
https://citiobs.demo.secure-dimensions.de/staplus/v1.1/Observations(7806663);7806663;2023-07-26T16:26:00Z;2023-07-26T16:26:00Z;25.01;125.01;https://citiobs.demo.secure-dimensions.de/staplus/v1.1/Observations(7806663)/Datastream;https://citiobs.demo.secure-dimensions.de/staplus/v1.1/Observations(7806663)/FeatureOfInterest;https://citiobs.demo.secure-dimensions.de/staplus/v1.1/Observations(7806663)/Objects;https://citiobs.demo.secure-dimensions.de/staplus/v1.1/Observations(7806663)/ObservationGroups;https://citiobs.demo.secure-dimensions.de/staplus/v1.1/Observations(7806663)/Subjects
https://citiobs.demo.secure-dimensions.de/staplus/v1.1/Observations(7806679);7806679;2023-07-26T16:26:10Z;2023-07-26T16:26:10Z;25.11;125.11;https://citiobs.demo.secure-dimensions.de/staplus/v1.1/Observations(7806679)/Datastream;https://citiobs.demo.secure-dimensions.de/staplus/v1.1/Observations(7806679)/FeatureOfInterest;https://citiobs.demo.secure-dimensions.de/staplus/v1.1/Observations(7806679)/Objects;https://citiobs.demo.secure-dimensions.de/staplus/v1.1/Observations(7806679)/ObservationGroups;https://citiobs.demo.secure-dimensions.de/staplus/v1.1/Observations(7806679)/Subjects
https://citiobs.demo.secure-dimensions.de/staplus/v1.1/Observations(7806695);7806695;2023-07-26T16:26:20Z;2023-07-26T16:26:20Z;25.13;125.13;https://citiobs.demo.secure-dimensions.de/staplus/v1.1/Observations(7806695)/Datastream;https://citiobs.demo.secure-dimensions.de/staplus/v1.1/Observations(7806695)/FeatureOfInterest;https://citiobs.demo.secure-dimensions.de/staplus/v1.1/Observations(7806695)/Objects;https://citiobs.demo.secure-dimensions.de/staplus/v1.1/Observations(7806695)/ObservationGroups;https://citiobs.demo.secure-dimensions.de/staplus/v1.1/Observations(7806695)/Subjects
https://citiobs.demo.secure-dimensions.de/staplus/v1.1/Observations(7806711);7806711;2023-07-26T16:26:31Z;2023-07-26T16:26:31Z;25.14;125.14;https://citiobs.demo.secure-dimensions.de/staplus/v1.1/Observations(7806711)/Datastream;https://citiobs.demo.secure-dimensions.de/staplus/v1.1/Observations(7806711)/FeatureOfInterest;https://citiobs.demo.secure-dimensions.de/staplus/v1.1/Observations(7806711)/Objects;https://citiobs.demo.secure-dimensions.de/staplus/v1.1/Observations(7806711)/ObservationGroups;https://citiobs.demo.secure-dimensions.de/staplus/v1.1/Observations(7806711)/Subjects
https://citiobs.demo.secure-dimensions.de/staplus/v1.1/Observations(7806727);7806727;2023-07-26T16:26:41Z;2023-07-26T16:26:41Z;25.19;125.19;https://citiobs.demo.secure-dimensions.de/staplus/v1.1/Observations(7806727)/Datastream;https://citiobs.demo.secure-dimensions.de/staplus/v1.1/Observations(7806727)/FeatureOfInterest;https://citiobs.demo.secure-dimensions.de/staplus/v1.1/Observations(7806727)/Objects;https://citiobs.demo.secure-dimensions.de/staplus/v1.1/Observations(7806727)/ObservationGroups;https://citiobs.demo.secure-dimensions.de/staplus/v1.1/Observations(7806727)/Subjects
https://citiobs.demo.secure-dimensions.de/staplus/v1.1/Observations(7806743);7806743;2023-07-26T16:26:51Z;2023-07-26T16:26:51Z;25.14;125.14;https://citiobs.demo.secure-dimensions.de/staplus/v1.1/Observations(7806743)/Datastream;https://citiobs.demo.secure-dimensions.de/staplus/v1.1/Observations(7806743)/FeatureOfInterest;https://citiobs.demo.secure-dimensions.de/staplus/v1.1/Observations(7806743)/Objects;https://citiobs.demo.secure-dimensions.de/staplus/v1.1/Observations(7806743)/ObservationGroups;https://citiobs.demo.secure-dimensions.de/staplus/v1.1/Observations(7806743)/Subjects
https://citiobs.demo.secure-dimensions.de/staplus/v1.1/Observations(7806759);7806759;2023-07-26T16:27:01Z;2023-07-26T16:27:01Z;25.19;125.19;https://citiobs.demo.secure-dimensions.de/staplus/v1.1/Observations(7806759)/Datastream;https://citiobs.demo.secure-dimensions.de/staplus/v1.1/Observations(7806759)/FeatureOfInterest;https://citiobs.demo.secure-dimensions.de/staplus/v1.1/Observations(7806759)/Objects;https://citiobs.demo.secure-dimensions.de/staplus/v1.1/Observations(7806759)/ObservationGroups;https://citiobs.demo.secure-dimensions.de/staplus/v1.1/Observations(7806759)/Subjects
https://citiobs.demo.secure-dimensions.de/staplus/v1.1/Observations(7806775);7806775;2023-07-26T16:27:11Z;2023-07-26T16:27:11Z;25.14;125.14;https://citiobs.demo.secure-dimensions.de/staplus/v1.1/Observations(7806775)/Datastream;https://citiobs.demo.secure-dimensions.de/staplus/v1.1/Observations(7806775)/FeatureOfInterest;https://citiobs.demo.secure-dimensions.de/staplus/v1.1/Observations(7806775)/Objects;https://citiobs.demo.secure-dimensions.de/staplus/v1.1/Observations(7806775)/ObservationGroups;https://citiobs.demo.secure-dimensions.de/staplus/v1.1/Observations(7806775)/Subjects
https://citiobs.demo.secure-dimensions.de/staplus/v1.1/Observations(7806791);7806791;2023-07-26T16:27:22Z;2023-07-26T16:27:22Z;25.15;125.15;https://citiobs.demo.secure-dimensions.de/staplus/v1.1/Observations(7806791)/Datastream;https://citiobs.demo.secure-dimensions.de/staplus/v1.1/Observations(7806791)/FeatureOfInterest;https://citiobs.demo.secure-dimensions.de/staplus/v1.1/Observations(7806791)/Objects;https://citiobs.demo.secure-dimensions.de/staplus/v1.1/Observations(7806791)/ObservationGroups;https://citiobs.demo.secure-dimensions.de/staplus/v1.1/Observations(7806791)/Subjects
https://citiobs.demo.secure-dimensions.de/staplus/v1.1/Observations(7806807);7806807;2023-07-26T16:27:32Z;2023-07-26T16:27:32Z;25.17;125.17;https://citiobs.demo.secure-dimensions.de/staplus/v1.1/Observations(7806807)/Datastream;https://citiobs.demo.secure-dimensions.de/staplus/v1.1/Observations(7806807)/FeatureOfInterest;https://citiobs.demo.secure-dimensions.de/staplus/v1.1/Observations(7806807)/Objects;https://citiobs.demo.secure-dimensions.de/staplus/v1.1/Observations(7806807)/ObservationGroups;https://citiobs.demo.secure-dimensions.de/staplus/v1.1/Observations(7806807)/Subjects
https://citiobs.demo.secure-dimensions.de/staplus/v1.1/Observations(7806823);7806823;2023-07-26T16:27:42Z;2023-07-26T16:27:42Z;25.18;125.18;https://citiobs.demo.secure-dimensions.de/staplus/v1.1/Observations(7806823)/Datastream;https://citiobs.demo.secure-dimensions.de/staplus/v1.1/Observations(7806823)/FeatureOfInterest;https://citiobs.demo.secure-dimensions.de/staplus/v1.1/Observations(7806823)/Objects;https://citiobs.demo.secure-dimensions.de/staplus/v1.1/Observations(7806823)/ObservationGroups;https://citiobs.demo.secure-dimensions.de/staplus/v1.1/Observations(7806823)/Subjects
https://citiobs.demo.secure-dimensions.de/staplus/v1.1/Observations(7806839);7806839;2023-07-26T16:27:52Z;2023-07-26T16:27:52Z;25.19;125.19;https://citiobs.demo.secure-dimensions.de/staplus/v1.1/Observations(7806839)/Datastream;https://citiobs.demo.secure-dimensions.de/staplus/v1.1/Observations(7806839)/FeatureOfInterest;https://citiobs.demo.secure-dimensions.de/staplus/v1.1/Observations(7806839)/Objects;https://citiobs.demo.secure-dimensions.de/staplus/v1.1/Observations(7806839)/ObservationGroups;https://citiobs.demo.secure-dimensions.de/staplus/v1.1/Observations(7806839)/Subjects
https://citiobs.demo.secure-dimensions.de/staplus/v1.1/Observations(7806855);7806855;2023-07-26T16:28:03Z;2023-07-26T16:28:03Z;25.22;125.22;https://citiobs.demo.secure-dimensions.de/staplus/v1.1/Observations(7806855)/Datastream;https://citiobs.demo.secure-dimensions.de/staplus/v1.1/Observations(7806855)/FeatureOfInterest;https://citiobs.demo.secure-dimensions.de/staplus/v1.1/Observations(7806855)/Objects;https://citiobs.demo.secure-dimensions.de/staplus/v1.1/Observations(7806855)/ObservationGroups;https://citiobs.demo.secure-dimensions.de/staplus/v1.1/Observations(7806855)/Subjects
https://citiobs.demo.secure-dimensions.de/staplus/v1.1/Observations(7806871);7806871;2023-07-26T16:28:13Z;2023-07-26T16:28:13Z;25.25;125.25;https://citiobs.demo.secure-dimensions.de/staplus/v1.1/Observations(7806871)/Datastream;https://citiobs.demo.secure-dimensions.de/staplus/v1.1/Observations(7806871)/FeatureOfInterest;https://citiobs.demo.secure-dimensions.de/staplus/v1.1/Observations(7806871)/Objects;https://citiobs.demo.secure-dimensions.de/staplus/v1.1/Observations(7806871)/ObservationGroups;https://citiobs.demo.secure-dimensions.de/staplus/v1.1/Observations(7806871)/Subjects
https://citiobs.demo.secure-dimensions.de/staplus/v1.1/Observations(7806887);7806887;2023-07-26T16:28:23Z;2023-07-26T16:28:23Z;25.25;125.25;https://citiobs.demo.secure-dimensions.de/staplus/v1.1/Observations(7806887)/Datastream;https://citiobs.demo.secure-dimensions.de/staplus/v1.1/Observations(7806887)/FeatureOfInterest;https://citiobs.demo.secure-dimensions.de/staplus/v1.1/Observations(7806887)/Objects;https://citiobs.demo.secure-dimensions.de/staplus/v1.1/Observations(7806887)/ObservationGroups;https://citiobs.demo.secure-dimensions.de/staplus/v1.1/Observations(7806887)/Subjects
https://citiobs.demo.secure-dimensions.de/staplus/v1.1/Observations(7806903);7806903;2023-07-26T16:28:33Z;2023-07-26T16:28:33Z;25.26;125.26;https://citiobs.demo.secure-dimensions.de/staplus/v1.1/Observations(7806903)/Datastream;https://citiobs.demo.secure-dimensions.de/staplus/v1.1/Observations(7806903)/FeatureOfInterest;https://citiobs.demo.secure-dimensions.de/staplus/v1.1/Observations(7806903)/Objects;https://citiobs.demo.secure-dimensions.de/staplus/v1.1/Observations(7806903)/ObservationGroups;https://citiobs.demo.secure-dimensions.de/staplus/v1.1/Observations(7806903)/Subjects
https://citiobs.demo.secure-dimensions.de/staplus/v1.1/Observations(7806919);7806919;2023-07-26T16:28:43Z;2023-07-26T16:28:43Z;25.28;125.28;https://citiobs.demo.secure-dimensions.de/staplus/v1.1/Observations(7806919)/Datastream;https://citiobs.demo.secure-dimensions.de/staplus/v1.1/Observations(7806919)/FeatureOfInterest;https://citiobs.demo.secure-dimensions.de/staplus/v1.1/Observations(7806919)/Objects;https://citiobs.demo.secure-dimensions.de/staplus/v1.1/Observations(7806919)/ObservationGroups;https://citiobs.demo.secure-dimensions.de/staplus/v1.1/Observations(7806919)/Subjects
https://citiobs.demo.secure-dimensions.de/staplus/v1.1/Observations(7806935);7806935;2023-07-26T16:28:54Z;2023-07-26T16:28:54Z;25.28;125.28;https://citiobs.demo.secure-dimensions.de/staplus/v1.1/Observations(7806935)/Datastream;https://citiobs.demo.secure-dimensions.de/staplus/v1.1/Observations(7806935)/FeatureOfInterest;https://citiobs.demo.secure-dimensions.de/staplus/v1.1/Observations(7806935)/Objects;https://citiobs.demo.secure-dimensions.de/staplus/v1.1/Observations(7806935)/ObservationGroups;https://citiobs.demo.secure-dimensions.de/staplus/v1.1/Observations(7806935)/Subjects
https://citiobs.demo.secure-dimensions.de/staplus/v1.1/Observations(7806951);7806951;2023-07-26T16:29:04Z;2023-07-26T16:29:04Z;25.28;125.28;https://citiobs.demo.secure-dimensions.de/staplus/v1.1/Observations(7806951)/Datastream;https://citiobs.demo.secure-dimensions.de/staplus/v1.1/Observations(7806951)/FeatureOfInterest;https://citiobs.demo.secure-dimensions.de/staplus/v1.1/Observations(7806951)/Objects;https://citiobs.demo.secure-dimensions.de/staplus/v1.1/Observations(7806951)/ObservationGroups;https://citiobs.demo.secure-dimensions.de/staplus/v1.1/Observations(7806951)/Subjects
https://citiobs.demo.secure-dimensions.de/staplus/v1.1/Observations(7806967);7806967;2023-07-26T16:29:14Z;2023-07-26T16:29:14Z;25.26;125.26;https://citiobs.demo.secure-dimensions.de/staplus/v1.1/Observations(7806967)/Datastream;https://citiobs.demo.secure-dimensions.de/staplus/v1.1/Observations(7806967)/FeatureOfInterest;https://citiobs.demo.secure-dimensions.de/staplus/v1.1/Observations(7806967)/Objects;https://citiobs.demo.secure-dimensions.de/staplus/v1.1/Observations(7806967)/ObservationGroups;https://citiobs.demo.secure-dimensions.de/staplus/v1.1/Observations(7806967)/Subjects
https://citiobs.demo.secure-dimensions.de/staplus/v1.1/Observations(7806983);7806983;2023-07-26T16:29:24Z;2023-07-26T16:29:24Z;25.25;125.25;https://citiobs.demo.secure-dimensions.de/staplus/v1.1/Observations(7806983)/Datastream;https://citiobs.demo.secure-dimensions.de/staplus/v1.1/Observations(7806983)/FeatureOfInterest;https://citiobs.demo.secure-dimensions.de/staplus/v1.1/Observations(7806983)/Objects;https://citiobs.demo.secure-dimensions.de/staplus/v1.1/Observations(7806983)/ObservationGroups;https://citiobs.demo.secure-dimensions.de/staplus/v1.1/Observations(7806983)/Subjects
https://citiobs.demo.secure-dimensions.de/staplus/v1.1/Observations(7806999);7806999;2023-07-26T16:29:35Z;2023-07-26T16:29:35Z;25.25;125.25;https://citiobs.demo.secure-dimensions.de/staplus/v1.1/Observations(7806999)/Datastream;https://citiobs.demo.secure-dimensions.de/staplus/v1.1/Observations(7806999)/FeatureOfInterest;https://citiobs.demo.secure-dimensions.de/staplus/v1.1/Observations(7806999)/Objects;https://citiobs.demo.secure-dimensions.de/staplus/v1.1/Observations(7806999)/ObservationGroups;https://citiobs.demo.secure-dimensions.de/staplus/v1.1/Observations(7806999)/Subjects
https://citiobs.demo.secure-dimensions.de/staplus/v1.1/Observations(7807015);7807015;2023-07-26T16:29:45Z;2023-07-26T16:29:45Z;25.26;125.26;https://citiobs.demo.secure-dimensions.de/staplus/v1.1/Observations(7807015)/Datastream;https://citiobs.demo.secure-dimensions.de/staplus/v1.1/Observations(7807015)/FeatureOfInterest;https://citiobs.demo.secure-dimensions.de/staplus/v1.1/Observations(7807015)/Objects;https://citiobs.demo.secure-dimensions.de/staplus/v1.1/Observations(7807015)/ObservationGroups;https://citiobs.demo.secure-dimensions.de/staplus/v1.1/Observations(7807015)/Subjects
https://citiobs.demo.secure-dimensions.de/staplus/v1.1/Observations(7807031);7807031;2023-07-26T16:29:55Z;2023-07-26T16:29:55Z;25.29;125.29;https://citiobs.demo.secure-dimensions.de/staplus/v1.1/Observations(7807031)/Datastream;https://citiobs.demo.secure-dimensions.de/staplus/v1.1/Observations(7807031)/FeatureOfInterest;https://citiobs.demo.secure-dimensions.de/staplus/v1.1/Observations(7807031)/Objects;https://citiobs.demo.secure-dimensions.de/staplus/v1.1/Observations(7807031)/ObservationGroups;https://citiobs.demo.secure-dimensions.de/staplus/v1.1/Observations(7807031)/Subjects
https://citiobs.demo.secure-dimensions.de/staplus/v1.1/Observations(7807047);7807047;2023-07-26T16:30:05Z;2023-07-26T16:30:05Z;25.33;125.33;https://citiobs.demo.secure-dimensions.de/staplus/v1.1/Observations(7807047)/Datastream;https://citiobs.demo.secure-dimensions.de/staplus/v1.1/Observations(7807047)/FeatureOfInterest;https://citiobs.demo.secure-dimensions.de/staplus/v1.1/Observations(7807047)/Objects;https://citiobs.demo.secure-dimensions.de/staplus/v1.1/Observations(7807047)/ObservationGroups;https://citiobs.demo.secure-dimensions.de/staplus/v1.1/Observations(7807047)/Subjects
https://citiobs.demo.secure-dimensions.de/staplus/v1.1/Observations(7807063);7807063;2023-07-26T16:30:15Z;2023-07-26T16:30:15Z;25.33;125.33;https://citiobs.demo.secure-dimensions.de/staplus/v1.1/Observations(7807063)/Datastream;https://citiobs.demo.secure-dimensions.de/staplus/v1.1/Observations(7807063)/FeatureOfInterest;https://citiobs.demo.secure-dimensions.de/staplus/v1.1/Observations(7807063)/Objects;https://citiobs.demo.secure-dimensions.de/staplus/v1.1/Observations(7807063)/ObservationGroups;https://citiobs.demo.secure-dimensions.de/staplus/v1.1/Observations(7807063)/Subjects
https://citiobs.demo.secure-dimensions.de/staplus/v1.1/Observations(7807079);7807079;2023-07-26T16:30:26Z;2023-07-26T16:30:26Z;25.38;125.38;https://citiobs.demo.secure-dimensions.de/staplus/v1.1/Observations(7807079)/Datastream;https://citiobs.demo.secure-dimensions.de/staplus/v1.1/Observations(7807079)/FeatureOfInterest;https://citiobs.demo.secure-dimensions.de/staplus/v1.1/Observations(7807079)/Objects;https://citiobs.demo.secure-dimensions.de/staplus/v1.1/Observations(7807079)/ObservationGroups;https://citiobs.demo.secure-dimensions.de/staplus/v1.1/Observations(7807079)/Subjects
https://citiobs.demo.secure-dimensions.de/staplus/v1.1/Observations(7807095);7807095;2023-07-26T16:30:36Z;2023-07-26T16:30:36Z;25.35;125.35;https://citiobs.demo.secure-dimensions.de/staplus/v1.1/Observations(7807095)/Datastream;https://citiobs.demo.secure-dimensions.de/staplus/v1.1/Observations(7807095)/FeatureOfInterest;https://citiobs.demo.secure-dimensions.de/staplus/v1.1/Observations(7807095)/Objects;https://citiobs.demo.secure-dimensions.de/staplus/v1.1/Observations(7807095)/ObservationGroups;https://citiobs.demo.secure-dimensions.de/staplus/v1.1/Observations(7807095)/Subjects
https://citiobs.demo.secure-dimensions.de/staplus/v1.1/Observations(7807111);7807111;2023-07-26T16:30:46Z;2023-07-26T16:30:46Z;25.31;125.31;https://citiobs.demo.secure-dimensions.de/staplus/v1.1/Observations(7807111)/Datastream;https://citiobs.demo.secure-dimensions.de/staplus/v1.1/Observations(7807111)/FeatureOfInterest;https://citiobs.demo.secure-dimensions.de/staplus/v1.1/Observations(7807111)/Objects;https://citiobs.demo.secure-dimensions.de/staplus/v1.1/Observations(7807111)/ObservationGroups;https://citiobs.demo.secure-dimensions.de/staplus/v1.1/Observations(7807111)/Subjects
https://citiobs.demo.secure-dimensions.de/staplus/v1.1/Observations(7807127);7807127;2023-07-26T16:30:56Z;2023-07-26T16:30:56Z;25.29;125.29;https://citiobs.demo.secure-dimensions.de/staplus/v1.1/Observations(7807127)/Datastream;https://citiobs.demo.secure-dimensions.de/staplus/v1.1/Observations(7807127)/FeatureOfInterest;https://citiobs.demo.secure-dimensions.de/staplus/v1.1/Observations(7807127)/Objects;https://citiobs.demo.secure-dimensions.de/staplus/v1.1/Observations(7807127)/ObservationGroups;https://citiobs.demo.secure-dimensions.de/staplus/v1.1/Observations(7807127)/Subjects
https://citiobs.demo.secure-dimensions.de/staplus/v1.1/Observations(7807143);7807143;2023-07-26T16:31:07Z;2023-07-26T16:31:07Z;25.39;225.39;https://citiobs.demo.secure-dimensions.de/staplus/v1.1/Observations(7807143)/Datastream;https://citiobs.demo.secure-dimensions.de/staplus/v1.1/Observations(7807143)/FeatureOfInterest;https://citiobs.demo.secure-dimensions.de/staplus/v1.1/Observations(7807143)/Objects;https://citiobs.demo.secure-dimensions.de/staplus/v1.1/Observations(7807143)/ObservationGroups;https://citiobs.demo.secure-dimensions.de/staplus/v1.1/Observations(7807143)/Subjects
https://citiobs.demo.secure-dimensions.de/staplus/v1.1/Observations(7807159);7807159;2023-07-26T16:31:17Z;2023-07-26T16:31:17Z;25.38;125.38;https://citiobs.demo.secure-dimensions.de/staplus/v1.1/Observations(7807159)/Datastream;https://citiobs.demo.secure-dimensions.de/staplus/v1.1/Observations(7807159)/FeatureOfInterest;https://citiobs.demo.secure-dimensions.de/staplus/v1.1/Observations(7807159)/Objects;https://citiobs.demo.secure-dimensions.de/staplus/v1.1/Observations(7807159)/ObservationGroups;https://citiobs.demo.secure-dimensions.de/staplus/v1.1/Observations(7807159)/Subjects
https://citiobs.demo.secure-dimensions.de/staplus/v1.1/Observations(7807175);7807175;2023-07-26T16:31:27Z;2023-07-26T16:31:27Z;25.39;125.39;https://citiobs.demo.secure-dimensions.de/staplus/v1.1/Observations(7807175)/Datastream;https://citiobs.demo.secure-dimensions.de/staplus/v1.1/Observations(7807175)/FeatureOfInterest;https://citiobs.demo.secure-dimensions.de/staplus/v1.1/Observations(7807175)/Objects;https://citiobs.demo.secure-dimensions.de/staplus/v1.1/Observations(7807175)/ObservationGroups;https://citiobs.demo.secure-dimensions.de/staplus/v1.1/Observations(7807175)/Subjects
https://citiobs.demo.secure-dimensions.de/staplus/v1.1/Observations(7807191);7807191;2023-07-26T16:31:37Z;2023-07-26T16:31:37Z;25.36;125.36;https://citiobs.demo.secure-dimensions.de/staplus/v1.1/Observations(7807191)/Datastream;https://citiobs.demo.secure-dimensions.de/staplus/v1.1/Observations(7807191)/FeatureOfInterest;https://citiobs.demo.secure-dimensions.de/staplus/v1.1/Observations(7807191)/Objects;https://citiobs.demo.secure-dimensions.de/staplus/v1.1/Observations(7807191)/ObservationGroups;https://citiobs.demo.secure-dimensions.de/staplus/v1.1/Observations(7807191)/Subjects
https://citiobs.demo.secure-dimensions.de/staplus/v1.1/Observations(7821599);7821599;2023-07-26T16:31:47Z;2023-07-26T16:31:47Z;20.48;120.48;https://citiobs.demo.secure-dimensions.de/staplus/v1.1/Observations(7821599)/Datastream;https://citiobs.demo.secure-dimensions.de/staplus/v1.1/Observations(7821599)/FeatureOfInterest;https://citiobs.demo.secure-dimensions.de/staplus/v1.1/Observations(7821599)/Objects;https://citiobs.demo.secure-dimensions.de/staplus/v1.1/Observations(7821599)/ObservationGroups;https://citiobs.demo.secure-dimensions.de/staplus/v1.1/Observations(7821599)/Subjects
https://citiobs.demo.secure-dimensions.de/staplus/v1.1/Observations(7821623);7821623;2023-07-26T16:31:58Z;2023-07-26T16:31:58Z;20.48;120.48;https://citiobs.demo.secure-dimensions.de/staplus/v1.1/Observations(7821623)/Datastream;https://citiobs.demo.secure-dimensions.de/staplus/v1.1/Observations(7821623)/FeatureOfInterest;https://citiobs.demo.secure-dimensions.de/staplus/v1.1/Observations(7821623)/Objects;https://citiobs.demo.secure-dimensions.de/staplus/v1.1/Observations(7821623)/ObservationGroups;https://citiobs.demo.secure-dimensions.de/staplus/v1.1/Observations(7821623)/Subjects
https://citiobs.demo.secure-dimensions.de/staplus/v1.1/Observations(7821647);7821647;2023-07-26T16:32:08Z;2023-07-26T16:32:08Z;20.48;120.48;https://citiobs.demo.secure-dimensions.de/staplus/v1.1/Observations(7821647)/Datastream;https://citiobs.demo.secure-dimensions.de/staplus/v1.1/Observations(7821647)/FeatureOfInterest;https://citiobs.demo.secure-dimensions.de/staplus/v1.1/Observations(7821647)/Objects;https://citiobs.demo.secure-dimensions.de/staplus/v1.1/Observations(7821647)/ObservationGroups;https://citiobs.demo.secure-dimensions.de/staplus/v1.1/Observations(7821647)/Subjects
https://citiobs.demo.secure-dimensions.de/staplus/v1.1/Observations(7821671);7821671;2023-07-26T16:32:18Z;2023-07-26T16:32:18Z;20.51;120.51;https://citiobs.demo.secure-dimensions.de/staplus/v1.1/Observations(7821671)/Datastream;https://citiobs.demo.secure-dimensions.de/staplus/v1.1/Observations(7821671)/FeatureOfInterest;https://citiobs.demo.secure-dimensions.de/staplus/v1.1/Observations(7821671)/Objects;https://citiobs.demo.secure-dimensions.de/staplus/v1.1/Observations(7821671)/ObservationGroups;https://citiobs.demo.secure-dimensions.de/staplus/v1.1/Observations(7821671)/Subjects
https://citiobs.demo.secure-dimensions.de/staplus/v1.1/Observations(7821695);7821695;2023-07-26T16:32:28Z;2023-07-26T16:32:28Z;20.53;120.53;https://citiobs.demo.secure-dimensions.de/staplus/v1.1/Observations(7821695)/Datastream;https://citiobs.demo.secure-dimensions.de/staplus/v1.1/Observations(7821695)/FeatureOfInterest;https://citiobs.demo.secure-dimensions.de/staplus/v1.1/Observations(7821695)/Objects;https://citiobs.demo.secure-dimensions.de/staplus/v1.1/Observations(7821695)/ObservationGroups;https://citiobs.demo.secure-dimensions.de/staplus/v1.1/Observations(7821695)/Subjects
https://citiobs.demo.secure-dimensions.de/staplus/v1.1/Observations(7821719);7821719;2023-07-26T16:32:38Z;2023-07-26T16:32:38Z;20.55;120.55;https://citiobs.demo.secure-dimensions.de/staplus/v1.1/Observations(7821719)/Datastream;https://citiobs.demo.secure-dimensions.de/staplus/v1.1/Observations(7821719)/FeatureOfInterest;https://citiobs.demo.secure-dimensions.de/staplus/v1.1/Observations(7821719)/Objects;https://citiobs.demo.secure-dimensions.de/staplus/v1.1/Observations(7821719)/ObservationGroups;https://citiobs.demo.secure-dimensions.de/staplus/v1.1/Observations(7821719)/Subjects
https://citiobs.demo.secure-dimensions.de/staplus/v1.1/Observations(7821743);7821743;2023-07-26T16:32:49Z;2023-07-26T16:32:49Z;20.55;120.55;https://citiobs.demo.secure-dimensions.de/staplus/v1.1/Observations(7821743)/Datastream;https://citiobs.demo.secure-dimensions.de/staplus/v1.1/Observations(7821743)/FeatureOfInterest;https://citiobs.demo.secure-dimensions.de/staplus/v1.1/Observations(7821743)/Objects;https://citiobs.demo.secure-dimensions.de/staplus/v1.1/Observations(7821743)/ObservationGroups;https://citiobs.demo.secure-dimensions.de/staplus/v1.1/Observations(7821743)/Subjects
https://citiobs.demo.secure-dimensions.de/staplus/v1.1/Observations(7821767);7821767;2023-07-26T16:32:59Z;2023-07-26T16:32:59Z;20.58;120.58;https://citiobs.demo.secure-dimensions.de/staplus/v1.1/Observations(7821767)/Datastream;https://citiobs.demo.secure-dimensions.de/staplus/v1.1/Observations(7821767)/FeatureOfInterest;https://citiobs.demo.secure-dimensions.de/staplus/v1.1/Observations(7821767)/Objects;https://citiobs.demo.secure-dimensions.de/staplus/v1.1/Observations(7821767)/ObservationGroups;https://citiobs.demo.secure-dimensions.de/staplus/v1.1/Observations(7821767)/Subjects
https://citiobs.demo.secure-dimensions.de/staplus/v1.1/Observations(7821791);7821791;2023-07-26T16:33:09Z;2023-07-26T16:33:09Z;20.6;120.6;https://citiobs.demo.secure-dimensions.de/staplus/v1.1/Observations(7821791)/Datastream;https://citiobs.demo.secure-dimensions.de/staplus/v1.1/Observations(7821791)/FeatureOfInterest;https://citiobs.demo.secure-dimensions.de/staplus/v1.1/Observations(7821791)/Objects;https://citiobs.demo.secure-dimensions.de/staplus/v1.1/Observations(7821791)/ObservationGroups;https://citiobs.demo.secure-dimensions.de/staplus/v1.1/Observations(7821791)/Subjects
https://citiobs.demo.secure-dimensions.de/staplus/v1.1/Observations(7821815);7821815;2023-07-26T16:33:19Z;2023-07-26T16:33:19Z;20.57;120.57;https://citiobs.demo.secure-dimensions.de/staplus/v1.1/Observations(7821815)/Datastream;https://citiobs.demo.secure-dimensions.de/staplus/v1.1/Observations(7821815)/FeatureOfInterest;https://citiobs.demo.secure-dimensions.de/staplus/v1.1/Observations(7821815)/Objects;https://citiobs.demo.secure-dimensions.de/staplus/v1.1/Observations(7821815)/ObservationGroups;https://citiobs.demo.secure-dimensions.de/staplus/v1.1/Observations(7821815)/Subjects
https://citiobs.demo.secure-dimensions.de/staplus/v1.1/Observations(7821839);7821839;2023-07-26T16:33:30Z;2023-07-26T16:33:30Z;20.63;120.63;https://citiobs.demo.secure-dimensions.de/staplus/v1.1/Observations(7821839)/Datastream;https://citiobs.demo.secure-dimensions.de/staplus/v1.1/Observations(7821839)/FeatureOfInterest;https://citiobs.demo.secure-dimensions.de/staplus/v1.1/Observations(7821839)/Objects;https://citiobs.demo.secure-dimensions.de/staplus/v1.1/Observations(7821839)/ObservationGroups;https://citiobs.demo.secure-dimensions.de/staplus/v1.1/Observations(7821839)/Subjects
https://citiobs.demo.secure-dimensions.de/staplus/v1.1/Observations(7821863);7821863;2023-07-26T16:33:40Z;2023-07-26T16:33:40Z;20.65;120.65;https://citiobs.demo.secure-dimensions.de/staplus/v1.1/Observations(7821863)/Datastream;https://citiobs.demo.secure-dimensions.de/staplus/v1.1/Observations(7821863)/FeatureOfInterest;https://citiobs.demo.secure-dimensions.de/staplus/v1.1/Observations(7821863)/Objects;https://citiobs.demo.secure-dimensions.de/staplus/v1.1/Observations(7821863)/ObservationGroups;https://citiobs.demo.secure-dimensions.de/staplus/v1.1/Observations(7821863)/Subjects
